"Datazone2001","SFI_decilesnum"
"S01000001",7
"S01000002",2
"S01000003",5
"S01000004",2
"S01000005",8
"S01000006",5
"S01000007",1
"S01000008",5
"S01000009",3
"S01000010",1
"S01000011",3
"S01000012",2
"S01000013",3
"S01000014",3
"S01000015",3
"S01000016",4
"S01000017",3
"S01000018",2
"S01000019",3
"S01000020",7
"S01000021",3
"S01000022",1
"S01000023",1
"S01000024",1
"S01000025",1
"S01000026",7
"S01000027",2
"S01000028",6
"S01000029",4
"S01000030",6
"S01000031",6
"S01000032",5
"S01000033",8
"S01000034",2
"S01000035",9
"S01000036",8
"S01000037",8
"S01000038",4
"S01000039",9
"S01000040",4
"S01000041",4
"S01000042",9
"S01000043",10
"S01000044",9
"S01000045",1
"S01000046",1
"S01000047",10
"S01000048",5
"S01000049",3
"S01000050",7
"S01000051",1
"S01000052",6
"S01000053",9
"S01000054",4
"S01000055",8
"S01000056",2
"S01000057",7
"S01000058",3
"S01000059",8
"S01000060",8
"S01000061",4
"S01000062",10
"S01000063",5
"S01000064",8
"S01000065",9
"S01000066",10
"S01000067",7
"S01000068",7
"S01000069",9
"S01000070",5
"S01000071",8
"S01000072",5
"S01000073",2
"S01000074",7
"S01000075",10
"S01000076",1
"S01000077",8
"S01000078",10
"S01000079",10
"S01000080",10
"S01000081",4
"S01000082",8
"S01000083",9
"S01000084",10
"S01000085",10
"S01000086",10
"S01000087",9
"S01000088",10
"S01000089",1
"S01000090",10
"S01000091",10
"S01000092",10
"S01000093",10
"S01000094",10
"S01000095",10
"S01000096",7
"S01000097",7
"S01000098",10
"S01000099",3
"S01000100",10
"S01000101",9
"S01000102",10
"S01000103",10
"S01000104",4
"S01000105",6
"S01000106",6
"S01000107",10
"S01000108",10
"S01000109",10
"S01000110",3
"S01000111",9
"S01000112",10
"S01000113",8
"S01000114",9
"S01000115",6
"S01000116",10
"S01000117",7
"S01000118",4
"S01000119",10
"S01000120",10
"S01000121",4
"S01000122",7
"S01000123",3
"S01000124",10
"S01000125",10
"S01000126",10
"S01000127",4
"S01000128",10
"S01000129",10
"S01000130",10
"S01000131",9
"S01000132",10
"S01000133",8
"S01000134",6
"S01000135",10
"S01000136",7
"S01000137",10
"S01000138",10
"S01000139",4
"S01000140",3
"S01000141",6
"S01000142",7
"S01000143",1
"S01000144",10
"S01000145",7
"S01000146",10
"S01000147",10
"S01000148",7
"S01000149",10
"S01000150",5
"S01000151",6
"S01000152",10
"S01000153",10
"S01000154",3
"S01000155",6
"S01000156",10
"S01000157",9
"S01000158",7
"S01000159",3
"S01000160",3
"S01000161",10
"S01000162",8
"S01000163",4
"S01000164",10
"S01000165",10
"S01000166",10
"S01000167",4
"S01000168",5
"S01000169",5
"S01000170",10
"S01000171",2
"S01000172",8
"S01000173",8
"S01000174",1
"S01000175",10
"S01000176",10
"S01000177",9
"S01000178",5
"S01000179",9
"S01000180",5
"S01000181",5
"S01000182",4
"S01000183",10
"S01000184",8
"S01000185",10
"S01000186",6
"S01000187",5
"S01000188",10
"S01000189",6
"S01000190",4
"S01000191",9
"S01000192",10
"S01000193",4
"S01000194",10
"S01000195",9
"S01000196",7
"S01000197",4
"S01000198",7
"S01000199",9
"S01000200",9
"S01000201",8
"S01000202",9
"S01000203",8
"S01000204",5
"S01000205",10
"S01000206",2
"S01000207",8
"S01000208",7
"S01000209",8
"S01000210",9
"S01000211",8
"S01000212",6
"S01000213",9
"S01000214",3
"S01000215",5
"S01000216",4
"S01000217",8
"S01000218",3
"S01000219",8
"S01000220",10
"S01000221",9
"S01000222",5
"S01000223",8
"S01000224",4
"S01000225",3
"S01000226",7
"S01000227",7
"S01000228",9
"S01000229",7
"S01000230",7
"S01000231",2
"S01000232",7
"S01000233",6
"S01000234",1
"S01000235",5
"S01000236",1
"S01000237",1
"S01000238",4
"S01000239",2
"S01000240",1
"S01000241",1
"S01000242",5
"S01000243",1
"S01000244",6
"S01000245",2
"S01000246",3
"S01000247",1
"S01000248",2
"S01000249",2
"S01000250",1
"S01000251",1
"S01000252",4
"S01000253",1
"S01000254",2
"S01000255",4
"S01000256",2
"S01000257",2
"S01000258",2
"S01000259",1
"S01000260",3
"S01000261",1
"S01000262",2
"S01000263",5
"S01000264",4
"S01000265",3
"S01000266",5
"S01000267",5
"S01000268",3
"S01000269",1
"S01000270",3
"S01000271",3
"S01000272",5
"S01000273",3
"S01000274",4
"S01000275",3
"S01000276",2
"S01000277",3
"S01000278",6
"S01000279",2
"S01000280",3
"S01000281",8
"S01000282",3
"S01000283",3
"S01000284",2
"S01000285",1
"S01000286",8
"S01000287",5
"S01000288",2
"S01000289",5
"S01000290",7
"S01000291",2
"S01000292",4
"S01000293",9
"S01000294",2
"S01000295",1
"S01000296",3
"S01000297",3
"S01000298",2
"S01000299",3
"S01000300",3
"S01000301",5
"S01000302",3
"S01000303",7
"S01000304",1
"S01000305",2
"S01000306",2
"S01000307",2
"S01000308",3
"S01000309",6
"S01000310",2
"S01000311",6
"S01000312",7
"S01000313",3
"S01000314",2
"S01000315",2
"S01000316",5
"S01000317",5
"S01000318",1
"S01000319",1
"S01000320",5
"S01000321",2
"S01000322",2
"S01000323",3
"S01000324",1
"S01000325",3
"S01000326",3
"S01000327",1
"S01000328",4
"S01000329",5
"S01000330",4
"S01000331",3
"S01000332",4
"S01000333",5
"S01000334",4
"S01000335",1
"S01000336",5
"S01000337",4
"S01000338",7
"S01000339",2
"S01000340",5
"S01000341",7
"S01000342",6
"S01000343",6
"S01000344",2
"S01000345",3
"S01000346",2
"S01000347",4
"S01000348",4
"S01000349",4
"S01000350",1
"S01000351",3
"S01000352",1
"S01000353",1
"S01000354",6
"S01000355",1
"S01000356",2
"S01000357",1
"S01000358",1
"S01000359",1
"S01000360",8
"S01000361",4
"S01000362",2
"S01000363",1
"S01000364",4
"S01000365",2
"S01000366",1
"S01000367",2
"S01000368",3
"S01000369",2
"S01000370",1
"S01000371",2
"S01000372",4
"S01000373",1
"S01000374",2
"S01000375",4
"S01000376",3
"S01000377",5
"S01000378",1
"S01000379",1
"S01000380",1
"S01000381",1
"S01000382",3
"S01000383",3
"S01000384",5
"S01000385",5
"S01000386",5
"S01000387",2
"S01000388",2
"S01000389",1
"S01000390",5
"S01000391",8
"S01000392",4
"S01000393",3
"S01000394",5
"S01000395",2
"S01000396",5
"S01000397",2
"S01000398",2
"S01000399",9
"S01000400",8
"S01000401",1
"S01000402",4
"S01000403",5
"S01000404",2
"S01000405",2
"S01000406",8
"S01000407",6
"S01000408",2
"S01000409",2
"S01000410",2
"S01000411",3
"S01000412",3
"S01000413",1
"S01000414",2
"S01000415",3
"S01000416",2
"S01000417",2
"S01000418",3
"S01000419",4
"S01000420",4
"S01000421",1
"S01000422",3
"S01000423",1
"S01000424",2
"S01000425",3
"S01000426",1
"S01000427",7
"S01000428",2
"S01000429",2
"S01000430",3
"S01000431",8
"S01000432",2
"S01000433",6
"S01000434",6
"S01000435",2
"S01000436",1
"S01000437",4
"S01000438",1
"S01000439",6
"S01000440",2
"S01000441",4
"S01000442",3
"S01000443",1
"S01000444",1
"S01000445",2
"S01000446",3
"S01000447",3
"S01000448",3
"S01000449",3
"S01000450",2
"S01000451",3
"S01000452",4
"S01000453",2
"S01000454",6
"S01000455",2
"S01000456",4
"S01000457",4
"S01000458",2
"S01000459",6
"S01000460",5
"S01000461",8
"S01000462",6
"S01000463",5
"S01000464",3
"S01000465",1
"S01000466",2
"S01000467",3
"S01000468",2
"S01000469",1
"S01000470",3
"S01000471",2
"S01000472",2
"S01000473",4
"S01000474",4
"S01000475",5
"S01000476",1
"S01000477",2
"S01000478",6
"S01000479",4
"S01000480",2
"S01000481",3
"S01000482",9
"S01000483",7
"S01000484",9
"S01000485",2
"S01000486",10
"S01000487",6
"S01000488",5
"S01000489",8
"S01000490",5
"S01000491",8
"S01000492",7
"S01000493",4
"S01000494",8
"S01000495",1
"S01000496",1
"S01000497",4
"S01000498",2
"S01000499",3
"S01000500",5
"S01000501",3
"S01000502",3
"S01000503",2
"S01000504",7
"S01000505",2
"S01000506",3
"S01000507",5
"S01000508",2
"S01000509",3
"S01000510",4
"S01000511",2
"S01000512",1
"S01000513",6
"S01000514",2
"S01000515",2
"S01000516",1
"S01000517",3
"S01000518",4
"S01000519",2
"S01000520",1
"S01000521",4
"S01000522",1
"S01000523",5
"S01000524",3
"S01000525",2
"S01000526",4
"S01000527",1
"S01000528",2
"S01000529",2
"S01000530",2
"S01000531",3
"S01000532",5
"S01000533",3
"S01000534",4
"S01000535",3
"S01000536",6
"S01000537",1
"S01000538",4
"S01000539",8
"S01000540",5
"S01000541",6
"S01000542",4
"S01000543",2
"S01000544",2
"S01000545",7
"S01000546",3
"S01000547",3
"S01000548",4
"S01000549",1
"S01000550",1
"S01000551",4
"S01000552",1
"S01000553",2
"S01000554",7
"S01000555",5
"S01000556",5
"S01000557",3
"S01000558",5
"S01000559",6
"S01000560",8
"S01000561",8
"S01000562",6
"S01000563",10
"S01000564",8
"S01000565",4
"S01000566",6
"S01000567",5
"S01000568",2
"S01000569",4
"S01000570",2
"S01000571",8
"S01000572",1
"S01000573",1
"S01000574",2
"S01000575",2
"S01000576",1
"S01000577",2
"S01000578",1
"S01000579",1
"S01000580",1
"S01000581",1
"S01000582",4
"S01000583",2
"S01000584",7
"S01000585",7
"S01000586",3
"S01000587",5
"S01000588",4
"S01000589",4
"S01000590",4
"S01000591",2
"S01000592",3
"S01000593",3
"S01000594",1
"S01000595",3
"S01000596",1
"S01000597",1
"S01000598",1
"S01000599",2
"S01000600",1
"S01000601",2
"S01000602",3
"S01000603",2
"S01000604",1
"S01000605",3
"S01000606",9
"S01000607",1
"S01000608",9
"S01000609",8
"S01000610",10
"S01000611",6
"S01000612",9
"S01000613",6
"S01000614",5
"S01000615",8
"S01000616",7
"S01000617",2
"S01000618",2
"S01000619",3
"S01000620",8
"S01000621",6
"S01000622",9
"S01000623",5
"S01000624",7
"S01000625",8
"S01000626",8
"S01000627",5
"S01000628",5
"S01000629",3
"S01000630",3
"S01000631",6
"S01000632",6
"S01000633",1
"S01000634",4
"S01000635",2
"S01000636",5
"S01000637",4
"S01000638",2
"S01000639",5
"S01000640",1
"S01000641",3
"S01000642",4
"S01000643",3
"S01000644",2
"S01000645",5
"S01000646",1
"S01000647",3
"S01000648",7
"S01000649",6
"S01000650",3
"S01000651",6
"S01000652",2
"S01000653",8
"S01000654",6
"S01000655",7
"S01000656",9
"S01000657",8
"S01000658",9
"S01000659",2
"S01000660",2
"S01000661",8
"S01000662",2
"S01000663",5
"S01000664",2
"S01000665",5
"S01000666",2
"S01000667",4
"S01000668",7
"S01000669",9
"S01000670",5
"S01000671",2
"S01000672",5
"S01000673",1
"S01000674",6
"S01000675",1
"S01000676",7
"S01000677",8
"S01000678",3
"S01000679",9
"S01000680",8
"S01000681",10
"S01000682",10
"S01000683",7
"S01000684",9
"S01000685",7
"S01000686",9
"S01000687",6
"S01000688",4
"S01000689",6
"S01000690",2
"S01000691",4
"S01000692",8
"S01000693",9
"S01000694",5
"S01000695",5
"S01000696",9
"S01000697",2
"S01000698",7
"S01000699",6
"S01000700",2
"S01000701",3
"S01000702",3
"S01000703",3
"S01000704",6
"S01000705",2
"S01000706",3
"S01000707",4
"S01000708",4
"S01000709",2
"S01000710",8
"S01000711",2
"S01000712",3
"S01000713",3
"S01000714",3
"S01000715",8
"S01000716",10
"S01000717",9
"S01000718",6
"S01000719",3
"S01000720",2
"S01000721",6
"S01000722",6
"S01000723",3
"S01000724",6
"S01000725",3
"S01000726",4
"S01000727",8
"S01000728",6
"S01000729",7
"S01000730",6
"S01000731",9
"S01000732",10
"S01000733",9
"S01000734",2
"S01000735",7
"S01000736",5
"S01000737",7
"S01000738",5
"S01000739",6
"S01000740",4
"S01000741",4
"S01000742",2
"S01000743",5
"S01000744",9
"S01000745",6
"S01000746",7
"S01000747",8
"S01000748",9
"S01000749",8
"S01000750",4
"S01000751",2
"S01000752",8
"S01000753",4
"S01000754",5
"S01000755",6
"S01000756",7
"S01000757",3
"S01000758",2
"S01000759",5
"S01000760",2
"S01000761",2
"S01000762",2
"S01000763",4
"S01000764",4
"S01000765",2
"S01000766",5
"S01000767",9
"S01000768",9
"S01000769",10
"S01000770",8
"S01000771",5
"S01000772",7
"S01000773",4
"S01000774",6
"S01000775",6
"S01000776",1
"S01000777",7
"S01000778",1
"S01000779",4
"S01000780",5
"S01000781",1
"S01000782",1
"S01000783",4
"S01000784",1
"S01000785",3
"S01000786",4
"S01000787",4
"S01000788",4
"S01000789",6
"S01000790",1
"S01000791",3
"S01000792",1
"S01000793",5
"S01000794",7
"S01000795",3
"S01000796",6
"S01000797",4
"S01000798",4
"S01000799",9
"S01000800",4
"S01000801",3
"S01000802",3
"S01000803",2
"S01000804",4
"S01000805",3
"S01000806",4
"S01000807",7
"S01000808",6
"S01000809",6
"S01000810",4
"S01000811",2
"S01000812",8
"S01000813",2
"S01000814",8
"S01000815",10
"S01000816",10
"S01000817",5
"S01000818",9
"S01000819",6
"S01000820",4
"S01000821",9
"S01000822",7
"S01000823",7
"S01000824",3
"S01000825",3
"S01000826",4
"S01000827",2
"S01000828",4
"S01000829",4
"S01000830",4
"S01000831",4
"S01000832",8
"S01000833",4
"S01000834",5
"S01000835",8
"S01000836",9
"S01000837",10
"S01000838",2
"S01000839",5
"S01000840",6
"S01000841",8
"S01000842",1
"S01000843",6
"S01000844",8
"S01000845",4
"S01000846",9
"S01000847",8
"S01000848",2
"S01000849",3
"S01000850",8
"S01000851",2
"S01000852",4
"S01000853",7
"S01000854",6
"S01000855",4
"S01000856",3
"S01000857",4
"S01000858",2
"S01000859",2
"S01000860",9
"S01000861",2
"S01000862",1
"S01000863",5
"S01000864",2
"S01000865",5
"S01000866",4
"S01000867",8
"S01000868",6
"S01000869",7
"S01000870",6
"S01000871",3
"S01000872",2
"S01000873",5
"S01000874",8
"S01000875",3
"S01000876",6
"S01000877",9
"S01000878",2
"S01000879",2
"S01000880",1
"S01000881",4
"S01000882",8
"S01000883",7
"S01000884",5
"S01000885",1
"S01000886",3
"S01000887",1
"S01000888",8
"S01000889",4
"S01000890",6
"S01000891",3
"S01000892",2
"S01000893",1
"S01000894",5
"S01000895",3
"S01000896",1
"S01000897",3
"S01000898",5
"S01000899",6
"S01000900",3
"S01000901",7
"S01000902",4
"S01000903",3
"S01000904",4
"S01000905",5
"S01000906",3
"S01000907",8
"S01000908",9
"S01000909",3
"S01000910",4
"S01000911",2
"S01000912",4
"S01000913",6
"S01000914",2
"S01000915",4
"S01000916",4
"S01000917",7
"S01000918",6
"S01000919",6
"S01000920",5
"S01000921",5
"S01000922",6
"S01000923",3
"S01000924",5
"S01000925",5
"S01000926",6
"S01000927",4
"S01000928",4
"S01000929",9
"S01000930",9
"S01000931",6
"S01000932",6
"S01000933",8
"S01000934",9
"S01000935",6
"S01000936",5
"S01000937",8
"S01000938",5
"S01000939",6
"S01000940",4
"S01000941",6
"S01000942",7
"S01000943",1
"S01000944",5
"S01000945",8
"S01000946",4
"S01000947",5
"S01000948",2
"S01000949",2
"S01000950",5
"S01000951",7
"S01000952",3
"S01000953",1
"S01000954",4
"S01000955",1
"S01000956",8
"S01000957",7
"S01000958",5
"S01000959",3
"S01000960",7
"S01000961",3
"S01000962",7
"S01000963",4
"S01000964",3
"S01000965",7
"S01000966",6
"S01000967",7
"S01000968",5
"S01000969",8
"S01000970",6
"S01000971",7
"S01000972",1
"S01000973",5
"S01000974",1
"S01000975",4
"S01000976",7
"S01000977",3
"S01000978",5
"S01000979",4
"S01000980",4
"S01000981",2
"S01000982",3
"S01000983",3
"S01000984",4
"S01000985",7
"S01000986",3
"S01000987",4
"S01000988",1
"S01000989",3
"S01000990",6
"S01000991",6
"S01000992",3
"S01000993",2
"S01000994",6
"S01000995",1
"S01000996",6
"S01000997",1
"S01000998",9
"S01000999",3
"S01001000",8
"S01001001",5
"S01001002",7
"S01001003",2
"S01001004",2
"S01001005",2
"S01001006",2
"S01001007",8
"S01001008",9
"S01001009",7
"S01001010",10
"S01001011",6
"S01001012",2
"S01001013",8
"S01001014",10
"S01001015",9
"S01001016",3
"S01001017",7
"S01001018",8
"S01001019",8
"S01001020",8
"S01001021",7
"S01001022",9
"S01001023",7
"S01001024",4
"S01001025",4
"S01001026",3
"S01001027",3
"S01001028",7
"S01001029",7
"S01001030",2
"S01001031",6
"S01001032",8
"S01001033",8
"S01001034",9
"S01001035",6
"S01001036",8
"S01001037",7
"S01001038",2
"S01001039",5
"S01001040",3
"S01001041",5
"S01001042",4
"S01001043",2
"S01001044",4
"S01001045",2
"S01001046",6
"S01001047",4
"S01001048",2
"S01001049",4
"S01001050",6
"S01001051",4
"S01001052",5
"S01001053",3
"S01001054",4
"S01001055",7
"S01001056",7
"S01001057",6
"S01001058",7
"S01001059",5
"S01001060",6
"S01001061",6
"S01001062",2
"S01001063",3
"S01001064",7
"S01001065",7
"S01001066",5
"S01001067",6
"S01001068",4
"S01001069",5
"S01001070",5
"S01001071",3
"S01001072",7
"S01001073",3
"S01001074",5
"S01001075",5
"S01001076",5
"S01001077",6
"S01001078",6
"S01001079",5
"S01001080",3
"S01001081",6
"S01001082",7
"S01001083",3
"S01001084",4
"S01001085",3
"S01001086",4
"S01001087",4
"S01001088",5
"S01001089",4
"S01001090",10
"S01001091",10
"S01001092",10
"S01001093",10
"S01001094",6
"S01001095",10
"S01001096",10
"S01001097",8
"S01001098",9
"S01001099",10
"S01001100",10
"S01001101",10
"S01001102",10
"S01001103",9
"S01001104",10
"S01001105",1
"S01001106",4
"S01001107",10
"S01001108",10
"S01001109",10
"S01001110",10
"S01001111",10
"S01001112",10
"S01001113",10
"S01001114",10
"S01001115",10
"S01001116",9
"S01001117",10
"S01001118",6
"S01001119",10
"S01001120",8
"S01001121",10
"S01001122",10
"S01001123",7
"S01001124",8
"S01001125",10
"S01001126",3
"S01001127",9
"S01001128",1
"S01001129",9
"S01001130",9
"S01001131",10
"S01001132",7
"S01001133",9
"S01001134",4
"S01001135",9
"S01001136",10
"S01001137",10
"S01001138",10
"S01001139",8
"S01001140",9
"S01001141",10
"S01001142",5
"S01001143",3
"S01001144",8
"S01001145",8
"S01001146",1
"S01001147",10
"S01001148",2
"S01001149",9
"S01001150",10
"S01001151",9
"S01001152",9
"S01001153",4
"S01001154",2
"S01001155",2
"S01001156",10
"S01001157",2
"S01001158",6
"S01001159",4
"S01001160",7
"S01001161",7
"S01001162",5
"S01001163",10
"S01001164",9
"S01001165",10
"S01001166",10
"S01001167",2
"S01001168",10
"S01001169",9
"S01001170",9
"S01001171",9
"S01001172",10
"S01001173",8
"S01001174",10
"S01001175",8
"S01001176",6
"S01001177",9
"S01001178",7
"S01001179",1
"S01001180",10
"S01001181",1
"S01001182",9
"S01001183",10
"S01001184",5
"S01001185",1
"S01001186",1
"S01001187",8
"S01001188",10
"S01001189",8
"S01001190",1
"S01001191",9
"S01001192",10
"S01001193",3
"S01001194",2
"S01001195",5
"S01001196",10
"S01001197",7
"S01001198",7
"S01001199",8
"S01001200",9
"S01001201",9
"S01001202",8
"S01001203",9
"S01001204",1
"S01001205",5
"S01001206",10
"S01001207",7
"S01001208",8
"S01001209",4
"S01001210",8
"S01001211",4
"S01001212",9
"S01001213",9
"S01001214",8
"S01001215",5
"S01001216",6
"S01001217",9
"S01001218",3
"S01001219",3
"S01001220",8
"S01001221",2
"S01001222",7
"S01001223",3
"S01001224",8
"S01001225",2
"S01001226",10
"S01001227",3
"S01001228",2
"S01001229",4
"S01001230",7
"S01001231",6
"S01001232",2
"S01001233",9
"S01001234",8
"S01001235",6
"S01001236",6
"S01001237",5
"S01001238",8
"S01001239",9
"S01001240",6
"S01001241",6
"S01001242",3
"S01001243",7
"S01001244",8
"S01001245",8
"S01001246",5
"S01001247",4
"S01001248",4
"S01001249",6
"S01001250",4
"S01001251",9
"S01001252",6
"S01001253",9
"S01001254",6
"S01001255",6
"S01001256",6
"S01001257",7
"S01001258",9
"S01001259",3
"S01001260",9
"S01001261",9
"S01001262",2
"S01001263",3
"S01001264",3
"S01001265",2
"S01001266",3
"S01001267",7
"S01001268",2
"S01001269",3
"S01001270",5
"S01001271",8
"S01001272",6
"S01001273",6
"S01001274",5
"S01001275",6
"S01001276",3
"S01001277",3
"S01001278",2
"S01001279",5
"S01001280",3
"S01001281",6
"S01001282",3
"S01001283",5
"S01001284",4
"S01001285",5
"S01001286",3
"S01001287",5
"S01001288",6
"S01001289",4
"S01001290",1
"S01001291",4
"S01001292",8
"S01001293",4
"S01001294",6
"S01001295",5
"S01001296",8
"S01001297",4
"S01001298",7
"S01001299",4
"S01001300",5
"S01001301",4
"S01001302",1
"S01001303",2
"S01001304",1
"S01001305",5
"S01001306",5
"S01001307",3
"S01001308",6
"S01001309",8
"S01001310",7
"S01001311",5
"S01001312",7
"S01001313",5
"S01001314",2
"S01001315",2
"S01001316",6
"S01001317",4
"S01001318",5
"S01001319",5
"S01001320",7
"S01001321",6
"S01001322",4
"S01001323",7
"S01001324",9
"S01001325",7
"S01001326",4
"S01001327",7
"S01001328",7
"S01001329",6
"S01001330",1
"S01001331",5
"S01001332",6
"S01001333",8
"S01001334",6
"S01001335",7
"S01001336",4
"S01001337",3
"S01001338",7
"S01001339",4
"S01001340",6
"S01001341",7
"S01001342",5
"S01001343",5
"S01001344",2
"S01001345",8
"S01001346",4
"S01001347",1
"S01001348",7
"S01001349",8
"S01001350",7
"S01001351",7
"S01001352",2
"S01001353",1
"S01001354",8
"S01001355",3
"S01001356",3
"S01001357",9
"S01001358",5
"S01001359",2
"S01001360",5
"S01001361",6
"S01001362",1
"S01001363",10
"S01001364",7
"S01001365",5
"S01001366",1
"S01001367",6
"S01001368",2
"S01001369",4
"S01001370",4
"S01001371",10
"S01001372",1
"S01001373",5
"S01001374",1
"S01001375",1
"S01001376",10
"S01001377",7
"S01001378",5
"S01001379",5
"S01001380",8
"S01001381",3
"S01001382",10
"S01001383",5
"S01001384",7
"S01001385",9
"S01001386",8
"S01001387",5
"S01001388",9
"S01001389",4
"S01001390",3
"S01001391",8
"S01001392",8
"S01001393",3
"S01001394",10
"S01001395",5
"S01001396",8
"S01001397",8
"S01001398",2
"S01001399",8
"S01001400",8
"S01001401",8
"S01001402",1
"S01001403",1
"S01001404",1
"S01001405",1
"S01001406",3
"S01001407",3
"S01001408",5
"S01001409",3
"S01001410",2
"S01001411",2
"S01001412",6
"S01001413",2
"S01001414",7
"S01001415",9
"S01001416",4
"S01001417",3
"S01001418",1
"S01001419",3
"S01001420",1
"S01001421",2
"S01001422",1
"S01001423",7
"S01001424",9
"S01001425",5
"S01001426",6
"S01001427",2
"S01001428",7
"S01001429",9
"S01001430",2
"S01001431",2
"S01001432",2
"S01001433",1
"S01001434",2
"S01001435",2
"S01001436",2
"S01001437",2
"S01001438",1
"S01001439",2
"S01001440",2
"S01001441",2
"S01001442",1
"S01001443",2
"S01001444",4
"S01001445",2
"S01001446",1
"S01001447",4
"S01001448",4
"S01001449",2
"S01001450",3
"S01001451",1
"S01001452",2
"S01001453",1
"S01001454",1
"S01001455",2
"S01001456",2
"S01001457",2
"S01001458",3
"S01001459",1
"S01001460",1
"S01001461",1
"S01001462",1
"S01001463",2
"S01001464",2
"S01001465",1
"S01001466",1
"S01001467",1
"S01001468",1
"S01001469",2
"S01001470",1
"S01001471",1
"S01001472",1
"S01001473",3
"S01001474",3
"S01001475",2
"S01001476",1
"S01001477",1
"S01001478",1
"S01001479",4
"S01001480",1
"S01001481",1
"S01001482",7
"S01001483",1
"S01001484",1
"S01001485",2
"S01001486",2
"S01001487",5
"S01001488",1
"S01001489",3
"S01001490",9
"S01001491",1
"S01001492",8
"S01001493",1
"S01001494",7
"S01001495",1
"S01001496",2
"S01001497",9
"S01001498",1
"S01001499",3
"S01001500",8
"S01001501",1
"S01001502",1
"S01001503",1
"S01001504",7
"S01001505",1
"S01001506",9
"S01001507",1
"S01001508",1
"S01001509",6
"S01001510",8
"S01001511",1
"S01001512",8
"S01001513",10
"S01001514",3
"S01001515",1
"S01001516",6
"S01001517",8
"S01001518",6
"S01001519",2
"S01001520",5
"S01001521",4
"S01001522",7
"S01001523",1
"S01001524",6
"S01001525",3
"S01001526",3
"S01001527",5
"S01001528",1
"S01001529",7
"S01001530",6
"S01001531",8
"S01001532",3
"S01001533",1
"S01001534",1
"S01001535",2
"S01001536",4
"S01001537",5
"S01001538",1
"S01001539",3
"S01001540",1
"S01001541",2
"S01001542",2
"S01001543",3
"S01001544",4
"S01001545",2
"S01001546",9
"S01001547",6
"S01001548",2
"S01001549",3
"S01001550",3
"S01001551",3
"S01001552",5
"S01001553",3
"S01001554",1
"S01001555",7
"S01001556",3
"S01001557",2
"S01001558",3
"S01001559",3
"S01001560",10
"S01001561",3
"S01001562",3
"S01001563",2
"S01001564",3
"S01001565",8
"S01001566",2
"S01001567",3
"S01001568",4
"S01001569",3
"S01001570",1
"S01001571",6
"S01001572",2
"S01001573",4
"S01001574",6
"S01001575",8
"S01001576",4
"S01001577",3
"S01001578",5
"S01001579",5
"S01001580",4
"S01001581",2
"S01001582",6
"S01001583",4
"S01001584",5
"S01001585",9
"S01001586",1
"S01001587",7
"S01001588",7
"S01001589",5
"S01001590",7
"S01001591",5
"S01001592",7
"S01001593",8
"S01001594",9
"S01001595",8
"S01001596",4
"S01001597",10
"S01001598",2
"S01001599",10
"S01001600",9
"S01001601",2
"S01001602",3
"S01001603",8
"S01001604",7
"S01001605",2
"S01001606",8
"S01001607",5
"S01001608",6
"S01001609",4
"S01001610",7
"S01001611",5
"S01001612",1
"S01001613",5
"S01001614",8
"S01001615",7
"S01001616",1
"S01001617",5
"S01001618",5
"S01001619",3
"S01001620",5
"S01001621",3
"S01001622",8
"S01001623",4
"S01001624",5
"S01001625",6
"S01001626",5
"S01001627",5
"S01001628",5
"S01001629",3
"S01001630",9
"S01001631",4
"S01001632",1
"S01001633",1
"S01001634",1
"S01001635",3
"S01001636",2
"S01001637",2
"S01001638",6
"S01001639",3
"S01001640",1
"S01001641",1
"S01001642",3
"S01001643",2
"S01001644",3
"S01001645",8
"S01001646",3
"S01001647",2
"S01001648",3
"S01001649",7
"S01001650",7
"S01001651",5
"S01001652",2
"S01001653",9
"S01001654",2
"S01001655",3
"S01001656",5
"S01001657",5
"S01001658",3
"S01001659",2
"S01001660",1
"S01001661",4
"S01001662",4
"S01001663",1
"S01001664",2
"S01001665",3
"S01001666",3
"S01001667",5
"S01001668",3
"S01001669",10
"S01001670",2
"S01001671",1
"S01001672",6
"S01001673",2
"S01001674",6
"S01001675",2
"S01001676",2
"S01001677",1
"S01001678",1
"S01001679",1
"S01001680",1
"S01001681",1
"S01001682",2
"S01001683",2
"S01001684",1
"S01001685",5
"S01001686",1
"S01001687",5
"S01001688",6
"S01001689",1
"S01001690",3
"S01001691",1
"S01001692",3
"S01001693",1
"S01001694",5
"S01001695",4
"S01001696",5
"S01001697",2
"S01001698",5
"S01001699",1
"S01001700",1
"S01001701",6
"S01001702",4
"S01001703",3
"S01001704",2
"S01001705",2
"S01001706",1
"S01001707",8
"S01001708",5
"S01001709",5
"S01001710",5
"S01001711",1
"S01001712",3
"S01001713",2
"S01001714",1
"S01001715",1
"S01001716",5
"S01001717",1
"S01001718",3
"S01001719",1
"S01001720",2
"S01001721",5
"S01001722",3
"S01001723",2
"S01001724",7
"S01001725",6
"S01001726",1
"S01001727",3
"S01001728",1
"S01001729",2
"S01001730",1
"S01001731",1
"S01001732",2
"S01001733",4
"S01001734",1
"S01001735",1
"S01001736",1
"S01001737",1
"S01001738",1
"S01001739",2
"S01001740",3
"S01001741",6
"S01001742",7
"S01001743",8
"S01001744",1
"S01001745",2
"S01001746",2
"S01001747",6
"S01001748",1
"S01001749",6
"S01001750",2
"S01001751",6
"S01001752",1
"S01001753",7
"S01001754",1
"S01001755",4
"S01001756",3
"S01001757",4
"S01001758",3
"S01001759",10
"S01001760",6
"S01001761",9
"S01001762",6
"S01001763",1
"S01001764",2
"S01001765",6
"S01001766",2
"S01001767",2
"S01001768",3
"S01001769",2
"S01001770",10
"S01001771",5
"S01001772",8
"S01001773",7
"S01001774",3
"S01001775",2
"S01001776",8
"S01001777",1
"S01001778",8
"S01001779",3
"S01001780",7
"S01001781",2
"S01001782",2
"S01001783",9
"S01001784",5
"S01001785",1
"S01001786",1
"S01001787",1
"S01001788",1
"S01001789",7
"S01001790",2
"S01001791",1
"S01001792",2
"S01001793",4
"S01001794",2
"S01001795",5
"S01001796",1
"S01001797",5
"S01001798",1
"S01001799",8
"S01001800",2
"S01001801",1
"S01001802",6
"S01001803",3
"S01001804",5
"S01001805",3
"S01001806",3
"S01001807",1
"S01001808",3
"S01001809",9
"S01001810",3
"S01001811",1
"S01001812",1
"S01001813",1
"S01001814",2
"S01001815",1
"S01001816",1
"S01001817",7
"S01001818",1
"S01001819",1
"S01001820",9
"S01001821",3
"S01001822",4
"S01001823",9
"S01001824",5
"S01001825",3
"S01001826",8
"S01001827",8
"S01001828",1
"S01001829",7
"S01001830",1
"S01001831",7
"S01001832",6
"S01001833",2
"S01001834",7
"S01001835",4
"S01001836",3
"S01001837",2
"S01001838",7
"S01001839",9
"S01001840",1
"S01001841",8
"S01001842",3
"S01001843",9
"S01001844",10
"S01001845",1
"S01001846",1
"S01001847",7
"S01001848",9
"S01001849",1
"S01001850",8
"S01001851",2
"S01001852",1
"S01001853",1
"S01001854",4
"S01001855",3
"S01001856",9
"S01001857",6
"S01001858",4
"S01001859",7
"S01001860",2
"S01001861",9
"S01001862",1
"S01001863",1
"S01001864",9
"S01001865",9
"S01001866",1
"S01001867",7
"S01001868",3
"S01001869",5
"S01001870",9
"S01001871",6
"S01001872",6
"S01001873",1
"S01001874",9
"S01001875",1
"S01001876",8
"S01001877",9
"S01001878",1
"S01001879",10
"S01001880",9
"S01001881",1
"S01001882",7
"S01001883",2
"S01001884",8
"S01001885",1
"S01001886",9
"S01001887",4
"S01001888",1
"S01001889",5
"S01001890",8
"S01001891",9
"S01001892",9
"S01001893",10
"S01001894",10
"S01001895",9
"S01001896",3
"S01001897",9
"S01001898",9
"S01001899",5
"S01001900",5
"S01001901",4
"S01001902",7
"S01001903",8
"S01001904",8
"S01001905",7
"S01001906",9
"S01001907",8
"S01001908",7
"S01001909",9
"S01001910",9
"S01001911",3
"S01001912",8
"S01001913",7
"S01001914",2
"S01001915",3
"S01001916",10
"S01001917",2
"S01001918",10
"S01001919",8
"S01001920",9
"S01001921",8
"S01001922",2
"S01001923",9
"S01001924",7
"S01001925",1
"S01001926",7
"S01001927",6
"S01001928",10
"S01001929",5
"S01001930",10
"S01001931",8
"S01001932",9
"S01001933",3
"S01001934",9
"S01001935",9
"S01001936",8
"S01001937",8
"S01001938",10
"S01001939",10
"S01001940",8
"S01001941",8
"S01001942",10
"S01001943",9
"S01001944",6
"S01001945",7
"S01001946",9
"S01001947",7
"S01001948",9
"S01001949",9
"S01001950",10
"S01001951",9
"S01001952",8
"S01001953",10
"S01001954",5
"S01001955",10
"S01001956",8
"S01001957",9
"S01001958",10
"S01001959",4
"S01001960",10
"S01001961",9
"S01001962",8
"S01001963",10
"S01001964",9
"S01001965",9
"S01001966",10
"S01001967",10
"S01001968",9
"S01001969",8
"S01001970",3
"S01001971",9
"S01001972",8
"S01001973",7
"S01001974",10
"S01001975",9
"S01001976",10
"S01001977",9
"S01001978",9
"S01001979",10
"S01001980",10
"S01001981",10
"S01001982",10
"S01001983",10
"S01001984",10
"S01001985",8
"S01001986",10
"S01001987",10
"S01001988",8
"S01001989",2
"S01001990",10
"S01001991",9
"S01001992",9
"S01001993",9
"S01001994",10
"S01001995",9
"S01001996",10
"S01001997",9
"S01001998",9
"S01001999",10
"S01002000",7
"S01002001",10
"S01002002",10
"S01002003",6
"S01002004",10
"S01002005",9
"S01002006",4
"S01002007",10
"S01002008",10
"S01002009",10
"S01002010",10
"S01002011",5
"S01002012",10
"S01002013",10
"S01002014",10
"S01002015",1
"S01002016",10
"S01002017",9
"S01002018",1
"S01002019",10
"S01002020",10
"S01002021",9
"S01002022",4
"S01002023",10
"S01002024",10
"S01002025",10
"S01002026",1
"S01002027",10
"S01002028",10
"S01002029",10
"S01002030",10
"S01002031",10
"S01002032",10
"S01002033",10
"S01002034",10
"S01002035",5
"S01002036",10
"S01002037",10
"S01002038",10
"S01002039",6
"S01002040",10
"S01002041",10
"S01002042",6
"S01002043",7
"S01002044",9
"S01002045",9
"S01002046",10
"S01002047",10
"S01002048",10
"S01002049",10
"S01002050",2
"S01002051",7
"S01002052",10
"S01002053",10
"S01002054",10
"S01002055",3
"S01002056",6
"S01002057",4
"S01002058",10
"S01002059",10
"S01002060",10
"S01002061",10
"S01002062",8
"S01002063",10
"S01002064",10
"S01002065",10
"S01002066",10
"S01002067",7
"S01002068",10
"S01002069",7
"S01002070",10
"S01002071",10
"S01002072",6
"S01002073",10
"S01002074",1
"S01002075",10
"S01002076",10
"S01002077",2
"S01002078",6
"S01002079",10
"S01002080",1
"S01002081",10
"S01002082",10
"S01002083",8
"S01002084",10
"S01002085",10
"S01002086",10
"S01002087",10
"S01002088",3
"S01002089",3
"S01002090",2
"S01002091",10
"S01002092",3
"S01002093",10
"S01002094",8
"S01002095",6
"S01002096",2
"S01002097",1
"S01002098",5
"S01002099",10
"S01002100",4
"S01002101",10
"S01002102",10
"S01002103",2
"S01002104",10
"S01002105",2
"S01002106",10
"S01002107",3
"S01002108",10
"S01002109",10
"S01002110",8
"S01002111",1
"S01002112",3
"S01002113",1
"S01002114",1
"S01002115",10
"S01002116",6
"S01002117",10
"S01002118",10
"S01002119",9
"S01002120",5
"S01002121",6
"S01002122",2
"S01002123",1
"S01002124",3
"S01002125",7
"S01002126",1
"S01002127",6
"S01002128",10
"S01002129",10
"S01002130",1
"S01002131",10
"S01002132",8
"S01002133",10
"S01002134",1
"S01002135",1
"S01002136",10
"S01002137",4
"S01002138",8
"S01002139",4
"S01002140",10
"S01002141",8
"S01002142",2
"S01002143",6
"S01002144",1
"S01002145",10
"S01002146",10
"S01002147",6
"S01002148",1
"S01002149",10
"S01002150",9
"S01002151",10
"S01002152",9
"S01002153",4
"S01002154",9
"S01002155",10
"S01002156",10
"S01002157",7
"S01002158",8
"S01002159",10
"S01002160",10
"S01002161",10
"S01002162",6
"S01002163",10
"S01002164",6
"S01002165",7
"S01002166",10
"S01002167",7
"S01002168",10
"S01002169",10
"S01002170",8
"S01002171",4
"S01002172",1
"S01002173",8
"S01002174",10
"S01002175",10
"S01002176",3
"S01002177",10
"S01002178",10
"S01002179",1
"S01002180",10
"S01002181",9
"S01002182",10
"S01002183",10
"S01002184",1
"S01002185",10
"S01002186",10
"S01002187",10
"S01002188",6
"S01002189",10
"S01002190",10
"S01002191",10
"S01002192",5
"S01002193",1
"S01002194",5
"S01002195",10
"S01002196",4
"S01002197",10
"S01002198",10
"S01002199",10
"S01002200",2
"S01002201",10
"S01002202",10
"S01002203",10
"S01002204",9
"S01002205",10
"S01002206",10
"S01002207",2
"S01002208",10
"S01002209",10
"S01002210",10
"S01002211",9
"S01002212",10
"S01002213",3
"S01002214",10
"S01002215",4
"S01002216",10
"S01002217",10
"S01002218",10
"S01002219",3
"S01002220",1
"S01002221",10
"S01002222",1
"S01002223",1
"S01002224",2
"S01002225",10
"S01002226",10
"S01002227",9
"S01002228",2
"S01002229",1
"S01002230",10
"S01002231",10
"S01002232",6
"S01002233",10
"S01002234",10
"S01002235",10
"S01002236",8
"S01002237",9
"S01002238",9
"S01002239",9
"S01002240",10
"S01002241",9
"S01002242",3
"S01002243",10
"S01002244",10
"S01002245",10
"S01002246",10
"S01002247",9
"S01002248",7
"S01002249",10
"S01002250",6
"S01002251",1
"S01002252",7
"S01002253",5
"S01002254",10
"S01002255",10
"S01002256",9
"S01002257",5
"S01002258",10
"S01002259",7
"S01002260",1
"S01002261",4
"S01002262",2
"S01002263",1
"S01002264",8
"S01002265",9
"S01002266",10
"S01002267",10
"S01002268",1
"S01002269",9
"S01002270",10
"S01002271",5
"S01002272",9
"S01002273",10
"S01002274",10
"S01002275",8
"S01002276",1
"S01002277",9
"S01002278",10
"S01002279",10
"S01002280",3
"S01002281",8
"S01002282",9
"S01002283",5
"S01002284",10
"S01002285",10
"S01002286",9
"S01002287",6
"S01002288",10
"S01002289",10
"S01002290",10
"S01002291",10
"S01002292",10
"S01002293",8
"S01002294",4
"S01002295",5
"S01002297",5
"S01002298",6
"S01002299",2
"S01002300",3
"S01002301",9
"S01002302",9
"S01002303",9
"S01002304",10
"S01002305",10
"S01002306",9
"S01002307",10
"S01002308",7
"S01002309",9
"S01002310",10
"S01002311",2
"S01002312",9
"S01002313",3
"S01002314",8
"S01002315",5
"S01002316",2
"S01002317",10
"S01002318",10
"S01002319",9
"S01002320",5
"S01002321",9
"S01002322",9
"S01002323",8
"S01002324",9
"S01002325",10
"S01002326",10
"S01002327",6
"S01002328",4
"S01002329",3
"S01002330",4
"S01002331",6
"S01002332",1
"S01002333",1
"S01002334",3
"S01002335",4
"S01002336",4
"S01002337",2
"S01002338",9
"S01002339",6
"S01002340",6
"S01002341",4
"S01002342",6
"S01002343",5
"S01002344",4
"S01002345",6
"S01002346",6
"S01002347",5
"S01002348",3
"S01002349",5
"S01002350",4
"S01002351",4
"S01002352",5
"S01002353",2
"S01002354",4
"S01002355",7
"S01002356",9
"S01002357",7
"S01002358",3
"S01002359",7
"S01002360",9
"S01002361",6
"S01002362",4
"S01002363",3
"S01002364",7
"S01002365",2
"S01002366",4
"S01002367",5
"S01002368",3
"S01002369",4
"S01002370",4
"S01002371",3
"S01002372",5
"S01002373",4
"S01002374",4
"S01002375",4
"S01002376",4
"S01002377",4
"S01002378",2
"S01002379",4
"S01002380",4
"S01002381",5
"S01002382",5
"S01002383",1
"S01002384",6
"S01002385",4
"S01002386",2
"S01002387",1
"S01002388",1
"S01002389",1
"S01002390",1
"S01002391",1
"S01002392",1
"S01002393",1
"S01002394",2
"S01002395",1
"S01002396",4
"S01002397",7
"S01002398",1
"S01002399",5
"S01002400",2
"S01002401",1
"S01002402",6
"S01002403",7
"S01002404",1
"S01002405",2
"S01002406",6
"S01002407",4
"S01002408",4
"S01002409",5
"S01002410",1
"S01002411",1
"S01002412",3
"S01002413",5
"S01002414",7
"S01002415",5
"S01002416",2
"S01002417",3
"S01002418",4
"S01002419",1
"S01002420",5
"S01002421",1
"S01002422",2
"S01002423",8
"S01002424",4
"S01002425",3
"S01002426",10
"S01002427",3
"S01002428",3
"S01002429",7
"S01002430",7
"S01002431",4
"S01002432",4
"S01002433",6
"S01002434",5
"S01002435",6
"S01002436",7
"S01002437",6
"S01002438",5
"S01002439",3
"S01002440",7
"S01002441",2
"S01002442",10
"S01002443",5
"S01002444",8
"S01002445",9
"S01002446",7
"S01002447",4
"S01002448",4
"S01002449",1
"S01002450",9
"S01002451",3
"S01002452",6
"S01002453",1
"S01002454",1
"S01002455",2
"S01002456",7
"S01002457",4
"S01002458",7
"S01002459",10
"S01002460",8
"S01002461",1
"S01002462",8
"S01002463",7
"S01002464",4
"S01002465",2
"S01002466",3
"S01002467",8
"S01002468",8
"S01002469",3
"S01002470",5
"S01002471",3
"S01002472",9
"S01002473",6
"S01002474",9
"S01002475",6
"S01002476",5
"S01002477",4
"S01002478",5
"S01002479",8
"S01002480",6
"S01002481",5
"S01002482",8
"S01002483",9
"S01002484",7
"S01002485",2
"S01002486",9
"S01002487",7
"S01002488",9
"S01002489",8
"S01002490",4
"S01002491",6
"S01002492",1
"S01002493",4
"S01002494",2
"S01002495",6
"S01002496",6
"S01002497",9
"S01002498",1
"S01002499",6
"S01002500",8
"S01002501",2
"S01002502",6
"S01002503",8
"S01002504",2
"S01002505",7
"S01002506",2
"S01002507",7
"S01002508",3
"S01002509",6
"S01002510",3
"S01002511",2
"S01002512",10
"S01002513",5
"S01002514",9
"S01002515",8
"S01002516",5
"S01002517",4
"S01002518",2
"S01002519",9
"S01002520",9
"S01002521",6
"S01002522",1
"S01002523",1
"S01002524",8
"S01002525",9
"S01002526",1
"S01002527",4
"S01002528",2
"S01002529",6
"S01002530",4
"S01002531",5
"S01002532",5
"S01002533",6
"S01002534",4
"S01002535",3
"S01002536",8
"S01002537",5
"S01002538",3
"S01002539",8
"S01002540",8
"S01002541",3
"S01002542",6
"S01002543",8
"S01002544",6
"S01002545",5
"S01002546",4
"S01002547",2
"S01002548",4
"S01002549",1
"S01002550",1
"S01002551",5
"S01002552",4
"S01002553",6
"S01002554",1
"S01002555",4
"S01002556",5
"S01002557",4
"S01002558",6
"S01002559",2
"S01002560",4
"S01002561",9
"S01002562",3
"S01002563",2
"S01002564",1
"S01002565",5
"S01002566",1
"S01002567",3
"S01002568",3
"S01002569",2
"S01002570",2
"S01002571",3
"S01002572",3
"S01002573",4
"S01002574",9
"S01002575",9
"S01002576",3
"S01002577",9
"S01002578",1
"S01002579",8
"S01002580",7
"S01002581",1
"S01002582",5
"S01002583",6
"S01002584",4
"S01002585",6
"S01002586",2
"S01002587",5
"S01002588",2
"S01002589",1
"S01002590",1
"S01002591",5
"S01002592",6
"S01002593",5
"S01002594",2
"S01002595",5
"S01002596",1
"S01002597",4
"S01002598",7
"S01002599",4
"S01002600",1
"S01002601",7
"S01002602",4
"S01002603",8
"S01002604",1
"S01002605",5
"S01002606",3
"S01002607",4
"S01002608",1
"S01002609",6
"S01002610",4
"S01002611",4
"S01002612",4
"S01002613",3
"S01002614",4
"S01002615",2
"S01002616",1
"S01002617",5
"S01002618",8
"S01002619",3
"S01002620",7
"S01002621",1
"S01002622",2
"S01002623",2
"S01002624",1
"S01002625",1
"S01002626",5
"S01002627",1
"S01002628",1
"S01002629",5
"S01002630",8
"S01002631",2
"S01002632",7
"S01002633",6
"S01002634",2
"S01002635",1
"S01002636",4
"S01002637",6
"S01002638",7
"S01002639",3
"S01002640",1
"S01002641",3
"S01002642",6
"S01002643",8
"S01002644",2
"S01002645",5
"S01002646",9
"S01002647",6
"S01002648",2
"S01002649",7
"S01002650",1
"S01002651",6
"S01002652",1
"S01002653",8
"S01002654",6
"S01002655",9
"S01002656",8
"S01002657",5
"S01002658",10
"S01002659",2
"S01002660",5
"S01002661",7
"S01002662",2
"S01002663",4
"S01002664",1
"S01002665",2
"S01002666",3
"S01002667",8
"S01002668",5
"S01002669",8
"S01002670",1
"S01002671",10
"S01002672",9
"S01002673",9
"S01002674",5
"S01002675",1
"S01002676",4
"S01002677",9
"S01002678",1
"S01002679",9
"S01002680",9
"S01002681",4
"S01002682",7
"S01002683",3
"S01002684",7
"S01002685",10
"S01002686",2
"S01002687",2
"S01002688",1
"S01002689",1
"S01002690",1
"S01002691",2
"S01002692",2
"S01002693",1
"S01002694",5
"S01002695",3
"S01002696",6
"S01002697",1
"S01002698",3
"S01002699",5
"S01002700",6
"S01002701",1
"S01002702",7
"S01002703",4
"S01002704",6
"S01002705",6
"S01002706",8
"S01002707",5
"S01002708",4
"S01002709",10
"S01002710",2
"S01002711",6
"S01002712",4
"S01002713",9
"S01002714",8
"S01002715",5
"S01002716",1
"S01002717",4
"S01002718",7
"S01002719",4
"S01002720",1
"S01002721",7
"S01002722",9
"S01002723",5
"S01002724",8
"S01002725",4
"S01002726",7
"S01002727",2
"S01002728",7
"S01002729",2
"S01002730",9
"S01002731",7
"S01002732",10
"S01002733",3
"S01002734",6
"S01002735",9
"S01002736",2
"S01002737",9
"S01002738",3
"S01002739",1
"S01002740",1
"S01002741",9
"S01002742",5
"S01002743",9
"S01002744",1
"S01002745",9
"S01002746",3
"S01002747",9
"S01002748",10
"S01002749",7
"S01002750",6
"S01002751",7
"S01002752",4
"S01002753",1
"S01002754",4
"S01002755",9
"S01002756",9
"S01002757",3
"S01002758",5
"S01002759",7
"S01002760",7
"S01002761",9
"S01002762",8
"S01002763",5
"S01002764",7
"S01002765",9
"S01002766",8
"S01002767",3
"S01002768",4
"S01002769",5
"S01002770",7
"S01002771",7
"S01002772",4
"S01002773",3
"S01002774",7
"S01002775",7
"S01002776",4
"S01002777",6
"S01002778",9
"S01002779",9
"S01002780",8
"S01002781",3
"S01002782",6
"S01002783",5
"S01002784",6
"S01002785",6
"S01002786",1
"S01002787",3
"S01002788",2
"S01002789",1
"S01002790",8
"S01002791",8
"S01002792",4
"S01002793",8
"S01002794",4
"S01002795",2
"S01002796",3
"S01002797",1
"S01002798",5
"S01002799",7
"S01002800",1
"S01002801",5
"S01002802",1
"S01002803",4
"S01002804",5
"S01002805",5
"S01002806",3
"S01002807",7
"S01002808",7
"S01002809",6
"S01002810",7
"S01002811",5
"S01002812",4
"S01002813",7
"S01002814",5
"S01002815",6
"S01002816",5
"S01002817",4
"S01002818",6
"S01002819",7
"S01002820",6
"S01002821",7
"S01002822",5
"S01002823",9
"S01002824",5
"S01002825",8
"S01002826",6
"S01002827",5
"S01002828",4
"S01002829",7
"S01002830",7
"S01002831",5
"S01002832",5
"S01002833",1
"S01002834",5
"S01002835",7
"S01002836",5
"S01002837",9
"S01002838",5
"S01002839",7
"S01002840",4
"S01002841",1
"S01002842",9
"S01002843",7
"S01002844",2
"S01002845",9
"S01002846",2
"S01002847",6
"S01002848",6
"S01002849",5
"S01002850",6
"S01002851",4
"S01002852",6
"S01002853",9
"S01002854",4
"S01002855",6
"S01002856",10
"S01002857",1
"S01002858",4
"S01002859",7
"S01002860",5
"S01002861",8
"S01002862",6
"S01002863",4
"S01002864",8
"S01002865",4
"S01002866",8
"S01002867",3
"S01002868",8
"S01002869",6
"S01002870",2
"S01002871",7
"S01002872",7
"S01002873",6
"S01002874",6
"S01002875",9
"S01002876",9
"S01002877",9
"S01002878",7
"S01002879",4
"S01002880",4
"S01002881",8
"S01002882",9
"S01002883",5
"S01002884",7
"S01002885",2
"S01002886",4
"S01002887",5
"S01002888",5
"S01002889",8
"S01002890",8
"S01002891",6
"S01002892",5
"S01002893",6
"S01002894",3
"S01002895",8
"S01002896",4
"S01002897",9
"S01002898",5
"S01002899",1
"S01002900",8
"S01002901",4
"S01002902",5
"S01002903",8
"S01002904",4
"S01002905",6
"S01002906",7
"S01002907",6
"S01002908",1
"S01002909",3
"S01002910",4
"S01002911",5
"S01002912",1
"S01002913",1
"S01002914",9
"S01002915",6
"S01002916",8
"S01002917",3
"S01002918",5
"S01002919",7
"S01002920",5
"S01002921",5
"S01002922",4
"S01002923",7
"S01002924",5
"S01002925",5
"S01002926",7
"S01002927",5
"S01002928",1
"S01002929",3
"S01002930",1
"S01002931",4
"S01002932",1
"S01002933",5
"S01002934",6
"S01002935",4
"S01002936",1
"S01002937",7
"S01002938",7
"S01002939",1
"S01002940",3
"S01002941",5
"S01002942",4
"S01002943",3
"S01002944",5
"S01002945",2
"S01002946",2
"S01002947",7
"S01002948",4
"S01002949",4
"S01002950",3
"S01002951",5
"S01002952",4
"S01002953",6
"S01002954",3
"S01002955",2
"S01002956",4
"S01002957",2
"S01002958",6
"S01002959",3
"S01002960",2
"S01002961",4
"S01002962",5
"S01002963",4
"S01002964",7
"S01002965",3
"S01002966",5
"S01002967",3
"S01002968",7
"S01002969",2
"S01002970",3
"S01002971",2
"S01002972",9
"S01002973",6
"S01002974",3
"S01002975",10
"S01002976",9
"S01002977",8
"S01002978",2
"S01002979",4
"S01002980",8
"S01002981",4
"S01002982",2
"S01002983",9
"S01002984",7
"S01002985",5
"S01002986",9
"S01002987",10
"S01002988",3
"S01002989",10
"S01002990",10
"S01002991",9
"S01002992",10
"S01002993",7
"S01002994",10
"S01002995",10
"S01002996",10
"S01002997",10
"S01002998",6
"S01002999",10
"S01003000",4
"S01003001",4
"S01003002",7
"S01003003",4
"S01003004",8
"S01003005",5
"S01003006",1
"S01003007",4
"S01003008",9
"S01003009",7
"S01003010",2
"S01003011",5
"S01003012",2
"S01003013",3
"S01003014",1
"S01003015",2
"S01003016",2
"S01003017",4
"S01003018",6
"S01003019",7
"S01003020",6
"S01003021",4
"S01003022",3
"S01003023",2
"S01003024",8
"S01003025",3
"S01003026",6
"S01003027",5
"S01003028",9
"S01003029",7
"S01003030",7
"S01003032",8
"S01003033",9
"S01003034",5
"S01003035",8
"S01003036",9
"S01003037",2
"S01003038",2
"S01003039",8
"S01003040",8
"S01003041",3
"S01003042",9
"S01003043",10
"S01003044",9
"S01003045",8
"S01003046",8
"S01003047",9
"S01003048",9
"S01003049",9
"S01003050",2
"S01003051",7
"S01003052",9
"S01003053",6
"S01003054",8
"S01003055",9
"S01003056",9
"S01003057",8
"S01003058",7
"S01003059",5
"S01003060",8
"S01003061",2
"S01003062",6
"S01003063",9
"S01003064",9
"S01003065",10
"S01003066",2
"S01003067",2
"S01003068",5
"S01003069",7
"S01003070",8
"S01003071",3
"S01003072",9
"S01003073",9
"S01003074",2
"S01003075",9
"S01003076",10
"S01003077",9
"S01003078",6
"S01003079",5
"S01003080",8
"S01003081",3
"S01003082",9
"S01003083",9
"S01003084",8
"S01003085",4
"S01003086",3
"S01003087",8
"S01003088",9
"S01003089",3
"S01003090",8
"S01003091",8
"S01003092",7
"S01003093",8
"S01003094",7
"S01003095",1
"S01003096",4
"S01003097",8
"S01003098",10
"S01003099",8
"S01003100",9
"S01003101",8
"S01003102",3
"S01003103",2
"S01003104",9
"S01003105",8
"S01003106",4
"S01003107",8
"S01003108",10
"S01003109",2
"S01003110",1
"S01003111",9
"S01003112",6
"S01003113",3
"S01003114",6
"S01003115",9
"S01003116",10
"S01003117",10
"S01003118",9
"S01003119",8
"S01003120",3
"S01003121",8
"S01003122",7
"S01003123",6
"S01003124",10
"S01003125",10
"S01003126",10
"S01003127",8
"S01003128",10
"S01003129",10
"S01003130",10
"S01003131",10
"S01003132",10
"S01003133",8
"S01003134",9
"S01003135",8
"S01003136",10
"S01003137",10
"S01003138",9
"S01003139",10
"S01003140",9
"S01003141",10
"S01003142",9
"S01003143",8
"S01003144",8
"S01003145",5
"S01003146",10
"S01003147",7
"S01003148",6
"S01003149",10
"S01003150",9
"S01003151",6
"S01003152",9
"S01003153",2
"S01003154",10
"S01003155",2
"S01003156",10
"S01003157",10
"S01003158",10
"S01003159",8
"S01003160",9
"S01003161",7
"S01003162",8
"S01003163",7
"S01003164",9
"S01003165",9
"S01003166",10
"S01003167",9
"S01003168",10
"S01003169",5
"S01003170",3
"S01003171",6
"S01003172",10
"S01003173",10
"S01003174",10
"S01003175",10
"S01003176",10
"S01003177",7
"S01003178",8
"S01003179",10
"S01003180",2
"S01003181",7
"S01003182",9
"S01003183",10
"S01003184",9
"S01003185",9
"S01003186",6
"S01003187",9
"S01003188",10
"S01003189",10
"S01003190",10
"S01003191",9
"S01003192",10
"S01003193",5
"S01003194",8
"S01003195",3
"S01003196",5
"S01003197",7
"S01003198",9
"S01003199",5
"S01003200",10
"S01003201",10
"S01003202",9
"S01003203",8
"S01003204",8
"S01003205",10
"S01003206",10
"S01003207",9
"S01003208",10
"S01003209",7
"S01003210",6
"S01003211",8
"S01003212",4
"S01003213",9
"S01003214",7
"S01003215",8
"S01003216",7
"S01003217",9
"S01003218",8
"S01003219",6
"S01003220",9
"S01003221",9
"S01003222",10
"S01003223",10
"S01003224",1
"S01003225",9
"S01003226",9
"S01003227",10
"S01003228",9
"S01003229",2
"S01003230",6
"S01003231",8
"S01003232",10
"S01003233",1
"S01003234",7
"S01003235",5
"S01003236",9
"S01003237",8
"S01003238",8
"S01003239",9
"S01003240",7
"S01003241",2
"S01003242",7
"S01003243",7
"S01003244",8
"S01003245",9
"S01003246",10
"S01003247",10
"S01003248",10
"S01003249",10
"S01003250",7
"S01003251",9
"S01003252",1
"S01003253",10
"S01003254",9
"S01003255",9
"S01003256",10
"S01003257",7
"S01003258",2
"S01003259",7
"S01003260",3
"S01003261",2
"S01003262",10
"S01003263",10
"S01003264",9
"S01003265",6
"S01003266",8
"S01003267",9
"S01003268",10
"S01003269",9
"S01003270",10
"S01003271",10
"S01003272",10
"S01003273",10
"S01003274",10
"S01003275",9
"S01003276",2
"S01003277",8
"S01003278",6
"S01003279",9
"S01003280",8
"S01003281",9
"S01003282",4
"S01003283",3
"S01003284",9
"S01003285",10
"S01003286",9
"S01003287",8
"S01003288",2
"S01003289",10
"S01003290",10
"S01003291",9
"S01003292",4
"S01003293",10
"S01003294",9
"S01003295",2
"S01003296",10
"S01003297",10
"S01003298",8
"S01003299",9
"S01003300",7
"S01003301",10
"S01003302",10
"S01003303",10
"S01003304",10
"S01003305",10
"S01003306",8
"S01003307",8
"S01003308",8
"S01003309",10
"S01003310",8
"S01003311",1
"S01003312",8
"S01003313",9
"S01003314",10
"S01003315",10
"S01003316",10
"S01003317",9
"S01003318",3
"S01003320",10
"S01003321",3
"S01003322",10
"S01003323",3
"S01003324",10
"S01003325",8
"S01003326",9
"S01003327",10
"S01003328",10
"S01003329",7
"S01003330",2
"S01003331",8
"S01003332",7
"S01003333",10
"S01003334",8
"S01003335",10
"S01003336",9
"S01003337",10
"S01003338",9
"S01003339",8
"S01003340",9
"S01003341",4
"S01003342",10
"S01003343",9
"S01003344",7
"S01003345",9
"S01003346",8
"S01003347",9
"S01003348",10
"S01003349",8
"S01003350",7
"S01003351",10
"S01003352",8
"S01003353",10
"S01003354",9
"S01003355",10
"S01003356",10
"S01003357",10
"S01003358",10
"S01003359",3
"S01003360",6
"S01003361",9
"S01003362",9
"S01003363",8
"S01003364",9
"S01003365",10
"S01003366",10
"S01003367",10
"S01003368",10
"S01003369",8
"S01003370",10
"S01003371",10
"S01003372",8
"S01003373",10
"S01003374",9
"S01003375",5
"S01003376",9
"S01003377",7
"S01003378",10
"S01003379",9
"S01003380",10
"S01003381",6
"S01003382",10
"S01003383",8
"S01003384",7
"S01003385",10
"S01003386",9
"S01003387",10
"S01003388",9
"S01003389",10
"S01003390",8
"S01003391",10
"S01003392",10
"S01003393",8
"S01003394",10
"S01003395",10
"S01003396",10
"S01003397",9
"S01003398",10
"S01003399",10
"S01003400",8
"S01003401",9
"S01003402",9
"S01003403",10
"S01003404",8
"S01003405",7
"S01003406",10
"S01003407",8
"S01003408",10
"S01003409",10
"S01003410",10
"S01003411",9
"S01003412",9
"S01003413",6
"S01003414",8
"S01003415",10
"S01003416",10
"S01003417",10
"S01003418",10
"S01003419",9
"S01003420",10
"S01003421",8
"S01003422",10
"S01003423",10
"S01003424",10
"S01003425",10
"S01003426",10
"S01003427",8
"S01003428",9
"S01003429",10
"S01003430",10
"S01003431",9
"S01003432",10
"S01003433",10
"S01003434",8
"S01003435",8
"S01003436",7
"S01003437",10
"S01003438",10
"S01003439",10
"S01003440",8
"S01003441",10
"S01003442",9
"S01003443",9
"S01003444",9
"S01003445",9
"S01003446",10
"S01003447",10
"S01003448",8
"S01003449",10
"S01003450",10
"S01003451",10
"S01003452",10
"S01003453",10
"S01003454",10
"S01003455",9
"S01003456",9
"S01003457",9
"S01003458",8
"S01003459",9
"S01003460",10
"S01003461",7
"S01003462",9
"S01003463",8
"S01003464",10
"S01003465",10
"S01003466",10
"S01003467",8
"S01003468",10
"S01003469",10
"S01003470",10
"S01003471",9
"S01003472",8
"S01003473",10
"S01003474",10
"S01003475",10
"S01003476",8
"S01003477",10
"S01003478",10
"S01003479",10
"S01003480",9
"S01003481",10
"S01003482",10
"S01003483",9
"S01003484",10
"S01003485",10
"S01003486",9
"S01003487",10
"S01003488",9
"S01003489",8
"S01003490",10
"S01003491",7
"S01003492",10
"S01003493",10
"S01003494",10
"S01003495",9
"S01003496",10
"S01003497",10
"S01003498",8
"S01003499",10
"S01003500",9
"S01003501",10
"S01003502",6
"S01003503",10
"S01003504",10
"S01003506",10
"S01003507",10
"S01003508",10
"S01003509",10
"S01003510",10
"S01003511",9
"S01003512",9
"S01003513",10
"S01003514",10
"S01003515",8
"S01003516",4
"S01003517",10
"S01003518",10
"S01003519",10
"S01003520",10
"S01003521",10
"S01003522",10
"S01003523",8
"S01003524",9
"S01003525",10
"S01003526",10
"S01003527",3
"S01003528",7
"S01003529",7
"S01003530",10
"S01003531",10
"S01003532",6
"S01003533",10
"S01003534",9
"S01003535",9
"S01003536",9
"S01003537",10
"S01003538",9
"S01003539",8
"S01003540",9
"S01003541",10
"S01003542",9
"S01003543",10
"S01003544",9
"S01003545",9
"S01003546",9
"S01003547",10
"S01003549",9
"S01003550",3
"S01003551",9
"S01003552",10
"S01003553",9
"S01003554",10
"S01003555",10
"S01003556",2
"S01003557",9
"S01003558",9
"S01003559",3
"S01003560",7
"S01003561",10
"S01003562",10
"S01003563",8
"S01003564",9
"S01003565",9
"S01003566",10
"S01003567",9
"S01003568",8
"S01003569",4
"S01003570",4
"S01003571",9
"S01003572",10
"S01003573",8
"S01003574",10
"S01003575",9
"S01003576",10
"S01003577",6
"S01003578",9
"S01003579",9
"S01003580",9
"S01003581",10
"S01003582",10
"S01003583",8
"S01003584",9
"S01003585",10
"S01003586",9
"S01003587",1
"S01003588",5
"S01003589",10
"S01003590",10
"S01003591",2
"S01003592",10
"S01003593",7
"S01003594",8
"S01003595",9
"S01003596",10
"S01003597",5
"S01003598",7
"S01003599",8
"S01003600",9
"S01003601",10
"S01003602",7
"S01003603",8
"S01003604",10
"S01003605",9
"S01003606",7
"S01003607",7
"S01003608",7
"S01003609",7
"S01003610",10
"S01003611",9
"S01003612",9
"S01003613",4
"S01003614",7
"S01003615",8
"S01003616",2
"S01003617",10
"S01003618",6
"S01003619",9
"S01003620",9
"S01003621",8
"S01003622",7
"S01003623",2
"S01003624",9
"S01003625",10
"S01003626",6
"S01003627",9
"S01003628",9
"S01003629",8
"S01003630",8
"S01003631",7
"S01003632",8
"S01003633",9
"S01003634",8
"S01003635",10
"S01003636",9
"S01003637",9
"S01003638",9
"S01003639",7
"S01003640",9
"S01003641",3
"S01003642",7
"S01003643",9
"S01003644",9
"S01003645",8
"S01003646",10
"S01003647",7
"S01003648",10
"S01003649",5
"S01003650",9
"S01003651",9
"S01003652",9
"S01003653",8
"S01003654",8
"S01003655",8
"S01003656",10
"S01003657",8
"S01003658",5
"S01003659",9
"S01003660",2
"S01003661",7
"S01003662",8
"S01003663",9
"S01003664",9
"S01003665",10
"S01003666",9
"S01003667",3
"S01003668",8
"S01003669",7
"S01003670",9
"S01003671",8
"S01003672",9
"S01003673",9
"S01003674",8
"S01003675",10
"S01003676",10
"S01003677",7
"S01003678",7
"S01003679",9
"S01003680",8
"S01003681",7
"S01003682",5
"S01003683",6
"S01003684",7
"S01003685",7
"S01003686",8
"S01003687",9
"S01003688",7
"S01003689",9
"S01003690",9
"S01003691",6
"S01003692",7
"S01003693",8
"S01003694",5
"S01003695",10
"S01003696",7
"S01003697",2
"S01003698",6
"S01003699",4
"S01003700",7
"S01003701",9
"S01003702",9
"S01003703",8
"S01003704",9
"S01003705",9
"S01003706",9
"S01003707",8
"S01003708",9
"S01003709",10
"S01003710",9
"S01003711",9
"S01003712",8
"S01003713",9
"S01003714",7
"S01003715",6
"S01003716",9
"S01003717",8
"S01003718",7
"S01003719",3
"S01003720",4
"S01003721",5
"S01003722",7
"S01003723",2
"S01003724",6
"S01003725",6
"S01003726",8
"S01003727",4
"S01003728",6
"S01003729",8
"S01003730",8
"S01003731",9
"S01003732",4
"S01003733",6
"S01003734",4
"S01003735",3
"S01003736",4
"S01003737",5
"S01003738",2
"S01003739",5
"S01003740",5
"S01003741",3
"S01003742",2
"S01003743",4
"S01003744",3
"S01003745",7
"S01003746",4
"S01003747",5
"S01003748",5
"S01003749",5
"S01003750",6
"S01003751",9
"S01003752",5
"S01003753",4
"S01003754",7
"S01003755",8
"S01003756",5
"S01003757",4
"S01003758",5
"S01003759",6
"S01003760",4
"S01003761",5
"S01003762",3
"S01003763",6
"S01003764",4
"S01003765",7
"S01003766",7
"S01003767",7
"S01003768",2
"S01003769",5
"S01003770",2
"S01003771",4
"S01003772",4
"S01003773",3
"S01003774",5
"S01003775",4
"S01003776",3
"S01003777",2
"S01003778",8
"S01003779",2
"S01003780",3
"S01003781",6
"S01003782",6
"S01003783",7
"S01003784",2
"S01003785",4
"S01003786",2
"S01003787",3
"S01003788",2
"S01003789",2
"S01003790",8
"S01003791",9
"S01003792",8
"S01003793",8
"S01003794",7
"S01003795",4
"S01003796",9
"S01003797",8
"S01003798",3
"S01003799",2
"S01003800",6
"S01003801",6
"S01003802",3
"S01003803",4
"S01003804",8
"S01003805",9
"S01003806",7
"S01003807",3
"S01003808",7
"S01003809",6
"S01003810",3
"S01003811",2
"S01003812",8
"S01003813",4
"S01003814",3
"S01003815",10
"S01003816",4
"S01003817",8
"S01003818",8
"S01003819",4
"S01003820",10
"S01003821",8
"S01003822",9
"S01003823",8
"S01003824",10
"S01003825",5
"S01003826",8
"S01003827",7
"S01003828",4
"S01003829",7
"S01003830",7
"S01003831",5
"S01003832",9
"S01003833",10
"S01003834",6
"S01003835",8
"S01003836",10
"S01003837",9
"S01003838",5
"S01003839",9
"S01003840",6
"S01003841",2
"S01003842",3
"S01003843",3
"S01003844",3
"S01003845",9
"S01003846",3
"S01003847",7
"S01003848",3
"S01003849",9
"S01003850",8
"S01003851",1
"S01003852",6
"S01003853",10
"S01003854",8
"S01003855",8
"S01003856",9
"S01003857",5
"S01003858",5
"S01003859",2
"S01003860",9
"S01003861",8
"S01003862",8
"S01003863",1
"S01003864",3
"S01003865",3
"S01003866",2
"S01003867",5
"S01003868",2
"S01003869",5
"S01003870",4
"S01003871",3
"S01003872",3
"S01003873",3
"S01003874",8
"S01003875",4
"S01003876",2
"S01003877",3
"S01003878",7
"S01003879",1
"S01003880",4
"S01003881",3
"S01003882",7
"S01003883",6
"S01003884",5
"S01003885",4
"S01003886",6
"S01003887",7
"S01003888",3
"S01003889",5
"S01003890",2
"S01003891",2
"S01003892",5
"S01003893",3
"S01003894",9
"S01003895",3
"S01003896",2
"S01003897",3
"S01003898",2
"S01003899",5
"S01003900",9
"S01003901",5
"S01003902",4
"S01003903",3
"S01003904",9
"S01003905",1
"S01003906",6
"S01003907",9
"S01003908",5
"S01003909",1
"S01003910",5
"S01003911",3
"S01003912",3
"S01003913",5
"S01003914",3
"S01003915",6
"S01003916",2
"S01003917",6
"S01003918",4
"S01003919",8
"S01003920",5
"S01003921",6
"S01003922",7
"S01003923",6
"S01003924",9
"S01003925",4
"S01003926",6
"S01003927",3
"S01003928",6
"S01003929",3
"S01003930",6
"S01003931",4
"S01003932",3
"S01003933",4
"S01003934",6
"S01003935",5
"S01003936",2
"S01003937",7
"S01003938",4
"S01003939",2
"S01003940",6
"S01003941",3
"S01003942",7
"S01003943",7
"S01003944",6
"S01003945",3
"S01003946",3
"S01003947",2
"S01003948",5
"S01003949",4
"S01003950",7
"S01003951",5
"S01003952",4
"S01003953",2
"S01003954",5
"S01003955",7
"S01003956",5
"S01003957",6
"S01003958",5
"S01003959",3
"S01003960",4
"S01003961",5
"S01003962",5
"S01003963",1
"S01003964",2
"S01003965",3
"S01003966",4
"S01003967",5
"S01003968",5
"S01003969",4
"S01003970",4
"S01003971",6
"S01003972",2
"S01003973",5
"S01003974",4
"S01003975",2
"S01003976",7
"S01003977",8
"S01003978",8
"S01003979",4
"S01003980",1
"S01003981",7
"S01003982",5
"S01003983",2
"S01003984",7
"S01003985",7
"S01003986",8
"S01003987",3
"S01003988",4
"S01003989",2
"S01003990",5
"S01003991",4
"S01003992",3
"S01003993",2
"S01003994",3
"S01003995",3
"S01003996",2
"S01003997",8
"S01003998",5
"S01003999",5
"S01004000",4
"S01004001",5
"S01004002",8
"S01004003",3
"S01004004",6
"S01004005",4
"S01004006",2
"S01004007",8
"S01004008",2
"S01004009",4
"S01004010",1
"S01004011",3
"S01004012",4
"S01004013",3
"S01004014",4
"S01004015",2
"S01004016",1
"S01004017",4
"S01004018",1
"S01004019",1
"S01004020",3
"S01004021",1
"S01004022",8
"S01004023",5
"S01004024",4
"S01004025",7
"S01004026",6
"S01004027",6
"S01004028",8
"S01004029",5
"S01004030",7
"S01004031",6
"S01004032",8
"S01004033",7
"S01004034",4
"S01004035",5
"S01004036",6
"S01004037",4
"S01004038",5
"S01004039",8
"S01004040",7
"S01004041",8
"S01004042",10
"S01004043",4
"S01004044",9
"S01004045",7
"S01004046",10
"S01004047",9
"S01004048",9
"S01004049",4
"S01004050",9
"S01004051",8
"S01004052",8
"S01004053",8
"S01004054",4
"S01004055",3
"S01004056",4
"S01004057",8
"S01004058",7
"S01004059",8
"S01004060",7
"S01004061",9
"S01004062",4
"S01004063",9
"S01004064",5
"S01004065",10
"S01004066",6
"S01004067",5
"S01004068",9
"S01004069",9
"S01004070",9
"S01004071",8
"S01004072",9
"S01004073",8
"S01004074",8
"S01004075",10
"S01004076",5
"S01004077",4
"S01004078",9
"S01004079",8
"S01004080",9
"S01004081",2
"S01004082",1
"S01004083",9
"S01004084",9
"S01004085",10
"S01004086",9
"S01004087",6
"S01004088",8
"S01004089",7
"S01004090",9
"S01004091",8
"S01004092",10
"S01004093",10
"S01004094",10
"S01004095",9
"S01004096",1
"S01004097",7
"S01004098",2
"S01004099",1
"S01004100",7
"S01004101",9
"S01004102",7
"S01004103",3
"S01004104",2
"S01004105",4
"S01004106",8
"S01004107",2
"S01004108",4
"S01004109",2
"S01004110",8
"S01004111",7
"S01004112",4
"S01004113",5
"S01004114",9
"S01004115",4
"S01004116",4
"S01004117",8
"S01004118",10
"S01004119",9
"S01004120",3
"S01004121",7
"S01004122",4
"S01004123",3
"S01004124",2
"S01004125",3
"S01004126",8
"S01004127",1
"S01004128",1
"S01004129",3
"S01004130",2
"S01004131",8
"S01004132",6
"S01004133",4
"S01004134",1
"S01004135",8
"S01004136",7
"S01004137",6
"S01004138",8
"S01004139",4
"S01004140",3
"S01004141",2
"S01004142",2
"S01004143",3
"S01004144",3
"S01004145",4
"S01004146",3
"S01004147",4
"S01004148",1
"S01004149",6
"S01004150",3
"S01004151",1
"S01004152",6
"S01004153",7
"S01004154",2
"S01004155",6
"S01004156",7
"S01004157",1
"S01004158",7
"S01004159",5
"S01004160",4
"S01004161",7
"S01004162",3
"S01004163",5
"S01004164",4
"S01004165",2
"S01004166",4
"S01004167",6
"S01004168",5
"S01004169",6
"S01004170",5
"S01004171",3
"S01004172",7
"S01004173",4
"S01004174",3
"S01004175",5
"S01004176",1
"S01004177",5
"S01004178",5
"S01004179",2
"S01004180",1
"S01004181",4
"S01004182",7
"S01004183",2
"S01004184",7
"S01004185",6
"S01004186",9
"S01004187",3
"S01004188",6
"S01004189",1
"S01004190",5
"S01004191",7
"S01004192",7
"S01004193",4
"S01004194",6
"S01004195",6
"S01004196",8
"S01004197",8
"S01004198",6
"S01004199",3
"S01004200",1
"S01004201",3
"S01004202",1
"S01004203",4
"S01004204",1
"S01004205",5
"S01004206",1
"S01004207",5
"S01004208",4
"S01004209",2
"S01004210",4
"S01004211",2
"S01004212",3
"S01004213",5
"S01004214",1
"S01004215",1
"S01004216",2
"S01004217",6
"S01004218",3
"S01004219",4
"S01004220",2
"S01004221",2
"S01004222",10
"S01004223",8
"S01004224",5
"S01004225",9
"S01004226",7
"S01004227",4
"S01004228",4
"S01004229",3
"S01004230",5
"S01004231",5
"S01004232",2
"S01004233",6
"S01004234",2
"S01004235",3
"S01004236",4
"S01004237",3
"S01004238",5
"S01004239",4
"S01004240",3
"S01004241",3
"S01004242",7
"S01004243",2
"S01004244",5
"S01004245",4
"S01004246",3
"S01004247",7
"S01004248",5
"S01004249",6
"S01004250",4
"S01004251",4
"S01004252",2
"S01004253",3
"S01004254",3
"S01004255",7
"S01004256",6
"S01004257",2
"S01004258",2
"S01004259",7
"S01004260",2
"S01004261",6
"S01004262",8
"S01004263",6
"S01004264",4
"S01004265",7
"S01004266",6
"S01004267",1
"S01004268",6
"S01004269",5
"S01004270",9
"S01004271",8
"S01004272",2
"S01004273",1
"S01004274",5
"S01004275",3
"S01004276",8
"S01004277",1
"S01004278",4
"S01004279",7
"S01004280",3
"S01004281",5
"S01004282",6
"S01004283",5
"S01004284",6
"S01004285",10
"S01004286",7
"S01004287",2
"S01004288",3
"S01004289",5
"S01004290",5
"S01004291",4
"S01004292",5
"S01004293",3
"S01004294",7
"S01004295",8
"S01004296",6
"S01004297",7
"S01004298",3
"S01004299",10
"S01004300",10
"S01004301",2
"S01004302",1
"S01004303",7
"S01004304",8
"S01004305",8
"S01004306",6
"S01004307",8
"S01004308",5
"S01004309",2
"S01004310",6
"S01004311",7
"S01004312",7
"S01004313",5
"S01004314",3
"S01004315",3
"S01004316",1
"S01004317",3
"S01004318",7
"S01004319",2
"S01004320",4
"S01004321",6
"S01004322",4
"S01004323",6
"S01004324",4
"S01004325",6
"S01004326",2
"S01004327",3
"S01004328",3
"S01004329",4
"S01004330",4
"S01004331",5
"S01004332",1
"S01004333",3
"S01004334",6
"S01004335",3
"S01004336",5
"S01004337",6
"S01004338",3
"S01004339",3
"S01004340",6
"S01004341",5
"S01004342",9
"S01004343",5
"S01004344",7
"S01004345",5
"S01004346",4
"S01004347",4
"S01004348",9
"S01004349",4
"S01004350",4
"S01004351",6
"S01004352",4
"S01004353",6
"S01004354",7
"S01004355",2
"S01004356",6
"S01004357",1
"S01004358",1
"S01004359",5
"S01004360",7
"S01004361",7
"S01004362",7
"S01004363",9
"S01004364",9
"S01004365",7
"S01004366",5
"S01004367",6
"S01004368",9
"S01004369",5
"S01004370",1
"S01004371",8
"S01004372",3
"S01004373",6
"S01004374",9
"S01004375",6
"S01004376",6
"S01004377",9
"S01004378",5
"S01004379",6
"S01004380",9
"S01004381",6
"S01004382",7
"S01004383",5
"S01004384",5
"S01004385",5
"S01004386",3
"S01004387",7
"S01004388",9
"S01004389",3
"S01004390",6
"S01004391",2
"S01004392",6
"S01004393",7
"S01004394",8
"S01004395",8
"S01004396",5
"S01004397",1
"S01004398",4
"S01004399",9
"S01004400",5
"S01004401",1
"S01004402",7
"S01004403",4
"S01004404",3
"S01004405",3
"S01004406",8
"S01004407",8
"S01004408",1
"S01004409",5
"S01004410",8
"S01004411",8
"S01004412",9
"S01004413",9
"S01004414",10
"S01004415",9
"S01004416",7
"S01004417",9
"S01004418",5
"S01004419",6
"S01004420",3
"S01004421",10
"S01004422",8
"S01004423",7
"S01004424",8
"S01004425",2
"S01004426",3
"S01004427",8
"S01004428",9
"S01004429",8
"S01004430",7
"S01004431",10
"S01004432",5
"S01004433",4
"S01004434",6
"S01004435",6
"S01004436",6
"S01004437",7
"S01004438",7
"S01004439",7
"S01004440",6
"S01004441",1
"S01004442",7
"S01004443",7
"S01004444",8
"S01004445",8
"S01004446",7
"S01004447",7
"S01004448",2
"S01004449",7
"S01004450",8
"S01004451",8
"S01004452",4
"S01004453",1
"S01004454",5
"S01004455",2
"S01004456",3
"S01004457",7
"S01004458",8
"S01004459",4
"S01004460",1
"S01004461",1
"S01004462",2
"S01004463",3
"S01004464",6
"S01004465",2
"S01004466",4
"S01004467",8
"S01004468",2
"S01004469",6
"S01004470",1
"S01004471",2
"S01004472",1
"S01004473",1
"S01004474",6
"S01004475",2
"S01004476",6
"S01004477",4
"S01004478",6
"S01004479",3
"S01004480",5
"S01004481",5
"S01004482",8
"S01004483",7
"S01004484",3
"S01004485",3
"S01004486",2
"S01004487",6
"S01004488",5
"S01004489",2
"S01004490",1
"S01004491",8
"S01004492",5
"S01004493",4
"S01004494",6
"S01004495",7
"S01004496",8
"S01004497",8
"S01004498",6
"S01004499",4
"S01004500",1
"S01004501",8
"S01004502",2
"S01004503",8
"S01004504",6
"S01004505",5
"S01004506",4
"S01004507",6
"S01004508",4
"S01004509",3
"S01004510",3
"S01004511",8
"S01004512",2
"S01004513",8
"S01004514",4
"S01004515",10
"S01004516",5
"S01004517",10
"S01004518",3
"S01004519",6
"S01004520",7
"S01004521",1
"S01004522",1
"S01004523",2
"S01004524",1
"S01004525",2
"S01004526",1
"S01004527",7
"S01004528",5
"S01004529",2
"S01004530",2
"S01004531",4
"S01004532",8
"S01004533",9
"S01004534",5
"S01004535",3
"S01004536",5
"S01004537",6
"S01004538",7
"S01004539",5
"S01004540",6
"S01004541",6
"S01004542",1
"S01004543",5
"S01004544",7
"S01004545",8
"S01004546",8
"S01004547",8
"S01004548",8
"S01004549",4
"S01004550",9
"S01004551",3
"S01004552",9
"S01004553",4
"S01004554",6
"S01004555",5
"S01004556",8
"S01004557",3
"S01004558",7
"S01004559",5
"S01004560",8
"S01004561",8
"S01004562",5
"S01004563",2
"S01004564",2
"S01004565",1
"S01004566",4
"S01004567",8
"S01004568",4
"S01004569",8
"S01004570",1
"S01004571",4
"S01004572",6
"S01004573",4
"S01004574",2
"S01004575",8
"S01004576",2
"S01004577",4
"S01004578",1
"S01004579",9
"S01004580",6
"S01004581",7
"S01004582",4
"S01004583",9
"S01004584",7
"S01004585",6
"S01004586",2
"S01004587",9
"S01004588",5
"S01004589",5
"S01004590",7
"S01004591",4
"S01004592",4
"S01004593",5
"S01004594",9
"S01004595",4
"S01004596",9
"S01004597",3
"S01004598",4
"S01004599",4
"S01004600",6
"S01004601",7
"S01004602",1
"S01004603",8
"S01004604",8
"S01004605",7
"S01004606",5
"S01004607",7
"S01004608",3
"S01004609",7
"S01004610",6
"S01004611",5
"S01004612",7
"S01004613",5
"S01004614",5
"S01004615",5
"S01004616",2
"S01004617",9
"S01004618",8
"S01004619",8
"S01004620",10
"S01004621",5
"S01004622",5
"S01004623",7
"S01004624",8
"S01004625",6
"S01004626",5
"S01004627",8
"S01004628",8
"S01004629",2
"S01004630",5
"S01004631",7
"S01004632",6
"S01004633",5
"S01004634",2
"S01004635",8
"S01004636",8
"S01004637",3
"S01004638",7
"S01004639",6
"S01004640",6
"S01004641",5
"S01004642",6
"S01004643",7
"S01004644",5
"S01004645",8
"S01004646",4
"S01004647",6
"S01004648",8
"S01004649",9
"S01004650",6
"S01004651",7
"S01004652",8
"S01004653",6
"S01004654",4
"S01004655",9
"S01004656",8
"S01004657",3
"S01004658",5
"S01004659",3
"S01004660",2
"S01004661",9
"S01004662",7
"S01004663",3
"S01004664",4
"S01004665",8
"S01004666",4
"S01004667",8
"S01004668",4
"S01004669",6
"S01004670",8
"S01004671",6
"S01004672",4
"S01004673",8
"S01004674",4
"S01004675",3
"S01004676",5
"S01004677",6
"S01004678",2
"S01004679",6
"S01004680",9
"S01004681",6
"S01004682",8
"S01004683",3
"S01004684",5
"S01004685",7
"S01004686",7
"S01004687",5
"S01004688",2
"S01004689",5
"S01004690",5
"S01004691",1
"S01004692",5
"S01004693",2
"S01004694",6
"S01004695",1
"S01004696",6
"S01004697",1
"S01004698",2
"S01004699",6
"S01004700",4
"S01004701",2
"S01004702",4
"S01004703",3
"S01004704",6
"S01004705",4
"S01004706",1
"S01004707",4
"S01004708",6
"S01004709",2
"S01004710",7
"S01004711",7
"S01004712",6
"S01004713",6
"S01004714",6
"S01004715",3
"S01004716",5
"S01004717",5
"S01004718",5
"S01004719",5
"S01004720",5
"S01004721",2
"S01004722",7
"S01004723",2
"S01004724",5
"S01004725",6
"S01004726",5
"S01004727",8
"S01004728",2
"S01004729",6
"S01004730",8
"S01004731",3
"S01004732",4
"S01004733",7
"S01004734",8
"S01004735",3
"S01004736",5
"S01004737",6
"S01004738",9
"S01004739",1
"S01004740",2
"S01004741",5
"S01004742",5
"S01004743",2
"S01004744",7
"S01004745",9
"S01004746",7
"S01004747",1
"S01004748",8
"S01004749",4
"S01004750",8
"S01004751",9
"S01004752",8
"S01004753",6
"S01004754",4
"S01004755",7
"S01004756",4
"S01004757",7
"S01004758",4
"S01004759",5
"S01004760",7
"S01004761",8
"S01004762",5
"S01004763",3
"S01004764",6
"S01004765",8
"S01004766",7
"S01004767",5
"S01004768",6
"S01004769",4
"S01004770",9
"S01004771",4
"S01004772",8
"S01004773",7
"S01004774",1
"S01004775",10
"S01004776",4
"S01004777",1
"S01004778",7
"S01004779",7
"S01004780",5
"S01004781",8
"S01004782",7
"S01004783",3
"S01004784",9
"S01004785",6
"S01004786",7
"S01004787",9
"S01004788",1
"S01004789",9
"S01004790",1
"S01004791",9
"S01004792",8
"S01004793",6
"S01004794",7
"S01004795",6
"S01004796",6
"S01004797",6
"S01004798",9
"S01004799",8
"S01004800",6
"S01004801",8
"S01004802",5
"S01004803",9
"S01004804",8
"S01004805",9
"S01004806",5
"S01004807",9
"S01004808",9
"S01004809",7
"S01004810",8
"S01004811",5
"S01004812",8
"S01004813",4
"S01004814",4
"S01004815",4
"S01004816",8
"S01004817",8
"S01004818",6
"S01004819",7
"S01004820",6
"S01004821",6
"S01004822",6
"S01004823",5
"S01004824",4
"S01004825",7
"S01004826",9
"S01004827",7
"S01004828",3
"S01004829",6
"S01004830",6
"S01004831",1
"S01004832",4
"S01004833",6
"S01004834",5
"S01004835",2
"S01004836",2
"S01004837",4
"S01004838",3
"S01004839",6
"S01004840",5
"S01004841",5
"S01004842",1
"S01004843",8
"S01004844",5
"S01004845",7
"S01004846",7
"S01004847",2
"S01004848",1
"S01004849",8
"S01004850",3
"S01004851",6
"S01004852",8
"S01004853",3
"S01004854",3
"S01004855",7
"S01004856",2
"S01004857",3
"S01004858",2
"S01004859",2
"S01004860",1
"S01004861",1
"S01004862",3
"S01004863",3
"S01004864",1
"S01004865",3
"S01004866",4
"S01004867",1
"S01004868",8
"S01004869",1
"S01004870",3
"S01004871",8
"S01004872",6
"S01004873",4
"S01004874",9
"S01004875",8
"S01004876",6
"S01004877",3
"S01004878",8
"S01004879",8
"S01004880",8
"S01004881",4
"S01004882",6
"S01004883",3
"S01004884",1
"S01004885",7
"S01004886",9
"S01004887",1
"S01004888",2
"S01004889",6
"S01004890",10
"S01004891",9
"S01004892",1
"S01004893",7
"S01004894",9
"S01004895",7
"S01004896",4
"S01004897",1
"S01004898",8
"S01004899",4
"S01004900",1
"S01004901",10
"S01004902",8
"S01004903",1
"S01004904",9
"S01004905",8
"S01004906",9
"S01004907",1
"S01004908",5
"S01004909",5
"S01004910",3
"S01004911",1
"S01004912",7
"S01004913",5
"S01004914",7
"S01004915",8
"S01004916",7
"S01004917",1
"S01004918",2
"S01004919",7
"S01004920",7
"S01004921",9
"S01004922",1
"S01004923",3
"S01004924",3
"S01004925",5
"S01004926",1
"S01004927",2
"S01004928",1
"S01004929",1
"S01004930",7
"S01004931",6
"S01004932",8
"S01004933",4
"S01004934",7
"S01004935",1
"S01004936",8
"S01004937",8
"S01004938",6
"S01004939",7
"S01004940",4
"S01004941",6
"S01004942",2
"S01004943",2
"S01004944",2
"S01004945",6
"S01004946",1
"S01004947",3
"S01004948",9
"S01004949",3
"S01004950",5
"S01004951",8
"S01004952",4
"S01004953",8
"S01004954",7
"S01004955",5
"S01004956",4
"S01004957",2
"S01004958",8
"S01004959",10
"S01004960",8
"S01004961",8
"S01004962",2
"S01004963",6
"S01004964",3
"S01004965",2
"S01004966",2
"S01004967",1
"S01004968",4
"S01004969",4
"S01004970",3
"S01004971",3
"S01004972",4
"S01004973",2
"S01004974",1
"S01004975",1
"S01004976",4
"S01004977",6
"S01004978",3
"S01004979",1
"S01004980",3
"S01004981",2
"S01004982",1
"S01004983",4
"S01004984",2
"S01004985",5
"S01004986",2
"S01004987",1
"S01004988",2
"S01004989",7
"S01004990",1
"S01004991",3
"S01004992",4
"S01004993",1
"S01004994",5
"S01004995",8
"S01004996",7
"S01004997",5
"S01004998",2
"S01004999",7
"S01005000",4
"S01005001",4
"S01005002",3
"S01005003",6
"S01005004",1
"S01005005",3
"S01005006",7
"S01005007",4
"S01005008",7
"S01005009",1
"S01005010",6
"S01005011",6
"S01005012",9
"S01005013",2
"S01005014",6
"S01005015",6
"S01005016",8
"S01005017",1
"S01005018",4
"S01005019",10
"S01005020",5
"S01005021",2
"S01005022",5
"S01005023",8
"S01005024",5
"S01005025",5
"S01005026",1
"S01005027",6
"S01005028",5
"S01005029",9
"S01005030",2
"S01005031",10
"S01005032",5
"S01005033",1
"S01005034",1
"S01005035",4
"S01005036",3
"S01005037",10
"S01005038",1
"S01005039",2
"S01005040",10
"S01005041",10
"S01005042",1
"S01005043",6
"S01005044",9
"S01005045",2
"S01005046",5
"S01005047",10
"S01005048",1
"S01005049",10
"S01005050",8
"S01005051",2
"S01005052",2
"S01005053",9
"S01005054",4
"S01005055",6
"S01005056",10
"S01005057",7
"S01005058",9
"S01005059",6
"S01005060",7
"S01005061",6
"S01005062",8
"S01005063",3
"S01005064",3
"S01005065",9
"S01005066",8
"S01005067",9
"S01005068",3
"S01005069",7
"S01005070",9
"S01005071",7
"S01005072",7
"S01005073",6
"S01005074",2
"S01005075",8
"S01005076",7
"S01005077",4
"S01005078",7
"S01005079",7
"S01005080",5
"S01005081",6
"S01005082",3
"S01005083",6
"S01005084",7
"S01005085",7
"S01005086",5
"S01005087",4
"S01005088",2
"S01005089",3
"S01005090",3
"S01005091",1
"S01005092",4
"S01005093",5
"S01005094",2
"S01005095",4
"S01005096",4
"S01005097",2
"S01005098",3
"S01005099",2
"S01005100",2
"S01005101",7
"S01005102",4
"S01005103",6
"S01005104",8
"S01005105",6
"S01005106",6
"S01005107",2
"S01005108",3
"S01005109",1
"S01005110",6
"S01005111",3
"S01005112",3
"S01005113",4
"S01005114",7
"S01005115",7
"S01005116",8
"S01005117",2
"S01005118",5
"S01005119",1
"S01005120",2
"S01005121",3
"S01005122",3
"S01005123",2
"S01005124",4
"S01005125",10
"S01005126",2
"S01005127",7
"S01005128",5
"S01005129",3
"S01005130",7
"S01005131",5
"S01005132",5
"S01005133",4
"S01005134",5
"S01005135",4
"S01005136",8
"S01005137",6
"S01005138",6
"S01005139",8
"S01005140",4
"S01005141",5
"S01005142",3
"S01005143",7
"S01005144",6
"S01005145",6
"S01005146",5
"S01005147",7
"S01005148",4
"S01005149",5
"S01005150",3
"S01005151",3
"S01005152",2
"S01005153",1
"S01005154",2
"S01005155",2
"S01005156",5
"S01005157",7
"S01005158",3
"S01005159",6
"S01005160",5
"S01005161",5
"S01005162",8
"S01005163",7
"S01005164",6
"S01005165",6
"S01005166",7
"S01005167",8
"S01005168",3
"S01005169",2
"S01005170",2
"S01005171",8
"S01005172",1
"S01005173",4
"S01005174",8
"S01005175",8
"S01005176",8
"S01005177",9
"S01005178",5
"S01005179",6
"S01005180",2
"S01005181",1
"S01005182",8
"S01005183",7
"S01005184",9
"S01005185",7
"S01005186",7
"S01005187",5
"S01005188",1
"S01005189",8
"S01005190",2
"S01005191",8
"S01005192",5
"S01005193",1
"S01005194",4
"S01005195",1
"S01005196",8
"S01005197",9
"S01005198",3
"S01005199",5
"S01005200",3
"S01005201",7
"S01005202",7
"S01005203",3
"S01005204",2
"S01005205",7
"S01005206",3
"S01005207",7
"S01005208",9
"S01005209",7
"S01005210",9
"S01005211",9
"S01005212",6
"S01005213",4
"S01005214",10
"S01005215",7
"S01005216",8
"S01005217",6
"S01005218",9
"S01005219",7
"S01005220",7
"S01005221",3
"S01005222",8
"S01005223",7
"S01005224",1
"S01005225",5
"S01005226",8
"S01005227",9
"S01005228",2
"S01005229",10
"S01005230",6
"S01005231",8
"S01005232",9
"S01005233",9
"S01005234",9
"S01005235",8
"S01005236",5
"S01005237",1
"S01005238",4
"S01005239",10
"S01005240",10
"S01005241",1
"S01005242",10
"S01005243",10
"S01005244",1
"S01005245",10
"S01005246",10
"S01005247",9
"S01005248",10
"S01005249",10
"S01005250",10
"S01005251",9
"S01005252",9
"S01005253",7
"S01005254",10
"S01005255",10
"S01005256",3
"S01005257",7
"S01005258",1
"S01005259",9
"S01005260",9
"S01005261",9
"S01005262",8
"S01005263",9
"S01005264",8
"S01005265",9
"S01005266",7
"S01005267",8
"S01005268",10
"S01005269",6
"S01005270",2
"S01005271",1
"S01005272",9
"S01005273",3
"S01005274",9
"S01005275",10
"S01005276",8
"S01005277",4
"S01005278",6
"S01005279",2
"S01005280",9
"S01005281",6
"S01005282",9
"S01005283",1
"S01005284",9
"S01005285",3
"S01005286",2
"S01005287",9
"S01005288",6
"S01005289",8
"S01005290",8
"S01005291",4
"S01005292",8
"S01005293",7
"S01005294",1
"S01005295",8
"S01005296",1
"S01005297",1
"S01005298",1
"S01005299",1
"S01005300",2
"S01005301",1
"S01005302",6
"S01005303",5
"S01005304",2
"S01005305",8
"S01005306",1
"S01005307",1
"S01005308",9
"S01005309",5
"S01005310",7
"S01005311",4
"S01005312",7
"S01005313",3
"S01005314",1
"S01005315",9
"S01005316",3
"S01005317",1
"S01005318",5
"S01005319",1
"S01005320",6
"S01005321",7
"S01005322",6
"S01005323",7
"S01005324",7
"S01005325",9
"S01005326",9
"S01005327",9
"S01005328",10
"S01005329",6
"S01005330",6
"S01005331",9
"S01005332",2
"S01005333",1
"S01005334",2
"S01005335",2
"S01005336",4
"S01005337",1
"S01005338",1
"S01005339",3
"S01005340",2
"S01005341",4
"S01005342",5
"S01005343",1
"S01005344",4
"S01005345",1
"S01005346",1
"S01005347",1
"S01005348",5
"S01005349",2
"S01005350",1
"S01005351",7
"S01005352",6
"S01005353",6
"S01005354",1
"S01005355",5
"S01005356",1
"S01005357",7
"S01005358",4
"S01005359",1
"S01005360",1
"S01005361",1
"S01005362",5
"S01005363",4
"S01005364",2
"S01005365",4
"S01005366",1
"S01005367",7
"S01005368",8
"S01005369",9
"S01005370",5
"S01005371",2
"S01005372",9
"S01005373",6
"S01005374",9
"S01005375",4
"S01005376",4
"S01005377",5
"S01005378",7
"S01005379",2
"S01005380",4
"S01005381",5
"S01005382",7
"S01005383",4
"S01005384",2
"S01005385",5
"S01005386",2
"S01005387",3
"S01005388",3
"S01005389",9
"S01005390",4
"S01005391",4
"S01005392",6
"S01005393",6
"S01005394",3
"S01005395",3
"S01005396",6
"S01005397",4
"S01005398",1
"S01005399",6
"S01005400",7
"S01005401",3
"S01005402",7
"S01005403",5
"S01005404",5
"S01005405",4
"S01005406",3
"S01005407",5
"S01005408",6
"S01005409",2
"S01005410",7
"S01005411",2
"S01005412",4
"S01005413",10
"S01005414",4
"S01005415",3
"S01005416",8
"S01005417",4
"S01005418",5
"S01005419",3
"S01005420",1
"S01005421",3
"S01005422",8
"S01005423",3
"S01005424",6
"S01005425",8
"S01005426",7
"S01005427",9
"S01005428",6
"S01005429",10
"S01005430",1
"S01005431",6
"S01005432",9
"S01005433",9
"S01005434",10
"S01005435",4
"S01005436",8
"S01005437",5
"S01005438",3
"S01005439",8
"S01005440",5
"S01005441",8
"S01005442",3
"S01005443",3
"S01005444",4
"S01005445",3
"S01005446",6
"S01005447",2
"S01005448",2
"S01005449",5
"S01005450",5
"S01005451",2
"S01005452",1
"S01005453",4
"S01005454",8
"S01005455",8
"S01005456",7
"S01005457",7
"S01005458",6
"S01005459",5
"S01005460",5
"S01005461",7
"S01005462",4
"S01005463",3
"S01005464",4
"S01005465",6
"S01005466",3
"S01005467",2
"S01005468",2
"S01005469",7
"S01005470",2
"S01005471",1
"S01005472",2
"S01005473",7
"S01005474",5
"S01005475",3
"S01005476",2
"S01005477",4
"S01005478",6
"S01005479",3
"S01005480",3
"S01005481",3
"S01005482",5
"S01005483",5
"S01005484",3
"S01005485",4
"S01005486",4
"S01005487",8
"S01005488",3
"S01005489",5
"S01005490",3
"S01005491",3
"S01005492",4
"S01005493",1
"S01005494",4
"S01005495",3
"S01005496",3
"S01005497",1
"S01005498",8
"S01005499",7
"S01005500",5
"S01005501",5
"S01005502",7
"S01005503",7
"S01005504",8
"S01005505",7
"S01005506",9
"S01005507",9
"S01005508",7
"S01005509",4
"S01005510",2
"S01005511",4
"S01005512",4
"S01005513",3
"S01005514",3
"S01005515",2
"S01005516",1
"S01005517",5
"S01005518",4
"S01005519",3
"S01005520",3
"S01005521",4
"S01005522",4
"S01005523",4
"S01005524",3
"S01005525",2
"S01005526",6
"S01005527",7
"S01005528",7
"S01005529",4
"S01005530",7
"S01005531",6
"S01005532",6
"S01005533",3
"S01005534",6
"S01005535",5
"S01005536",2
"S01005537",7
"S01005538",3
"S01005539",6
"S01005540",7
"S01005541",7
"S01005542",4
"S01005543",7
"S01005544",8
"S01005545",2
"S01005546",3
"S01005547",5
"S01005548",2
"S01005549",3
"S01005550",1
"S01005551",1
"S01005552",1
"S01005553",1
"S01005554",1
"S01005555",1
"S01005556",4
"S01005557",5
"S01005558",1
"S01005559",6
"S01005560",7
"S01005561",1
"S01005562",1
"S01005563",8
"S01005564",1
"S01005565",1
"S01005566",8
"S01005567",6
"S01005568",6
"S01005569",2
"S01005570",4
"S01005571",2
"S01005572",2
"S01005573",6
"S01005574",5
"S01005575",1
"S01005576",6
"S01005577",6
"S01005578",6
"S01005579",3
"S01005580",5
"S01005581",6
"S01005582",5
"S01005583",4
"S01005584",1
"S01005585",10
"S01005586",9
"S01005587",7
"S01005588",7
"S01005589",10
"S01005590",10
"S01005591",8
"S01005592",10
"S01005593",6
"S01005594",10
"S01005595",7
"S01005596",7
"S01005597",8
"S01005598",10
"S01005599",8
"S01005600",9
"S01005601",5
"S01005602",8
"S01005603",9
"S01005604",7
"S01005605",7
"S01005606",7
"S01005607",6
"S01005608",3
"S01005609",7
"S01005610",5
"S01005611",9
"S01005612",4
"S01005613",6
"S01005614",5
"S01005615",7
"S01005616",4
"S01005617",7
"S01005618",7
"S01005619",2
"S01005620",4
"S01005621",4
"S01005622",2
"S01005623",7
"S01005624",1
"S01005625",3
"S01005626",6
"S01005627",2
"S01005628",6
"S01005629",1
"S01005630",8
"S01005631",4
"S01005632",8
"S01005633",8
"S01005634",2
"S01005635",4
"S01005636",3
"S01005637",3
"S01005638",7
"S01005639",5
"S01005640",4
"S01005641",5
"S01005642",2
"S01005643",2
"S01005644",1
"S01005645",1
"S01005646",9
"S01005647",4
"S01005648",3
"S01005649",9
"S01005650",7
"S01005651",9
"S01005652",2
"S01005653",5
"S01005654",6
"S01005655",2
"S01005656",9
"S01005657",4
"S01005658",1
"S01005659",1
"S01005660",8
"S01005661",4
"S01005662",1
"S01005663",1
"S01005664",2
"S01005665",2
"S01005666",3
"S01005667",1
"S01005668",3
"S01005669",4
"S01005670",5
"S01005671",4
"S01005672",6
"S01005673",4
"S01005674",5
"S01005675",6
"S01005676",3
"S01005677",2
"S01005678",2
"S01005679",8
"S01005680",2
"S01005681",4
"S01005682",6
"S01005683",7
"S01005684",5
"S01005685",5
"S01005686",5
"S01005687",3
"S01005688",2
"S01005689",1
"S01005690",3
"S01005691",2
"S01005692",3
"S01005693",3
"S01005694",7
"S01005695",6
"S01005696",4
"S01005697",7
"S01005698",2
"S01005699",9
"S01005700",4
"S01005701",7
"S01005702",5
"S01005703",1
"S01005704",7
"S01005705",2
"S01005706",1
"S01005707",8
"S01005708",7
"S01005709",4
"S01005710",2
"S01005711",5
"S01005712",6
"S01005713",3
"S01005714",4
"S01005715",4
"S01005716",1
"S01005717",2
"S01005718",9
"S01005719",1
"S01005720",2
"S01005721",7
"S01005722",1
"S01005723",4
"S01005724",1
"S01005725",3
"S01005726",2
"S01005727",3
"S01005728",5
"S01005729",6
"S01005730",4
"S01005731",3
"S01005732",7
"S01005733",1
"S01005734",2
"S01005735",2
"S01005736",3
"S01005737",5
"S01005738",6
"S01005739",3
"S01005740",3
"S01005741",3
"S01005742",2
"S01005743",1
"S01005744",4
"S01005745",5
"S01005746",1
"S01005747",3
"S01005748",8
"S01005749",1
"S01005750",3
"S01005751",2
"S01005752",8
"S01005753",4
"S01005754",4
"S01005755",6
"S01005756",5
"S01005757",8
"S01005758",4
"S01005759",7
"S01005760",3
"S01005761",3
"S01005762",6
"S01005763",3
"S01005764",6
"S01005765",7
"S01005766",4
"S01005767",4
"S01005768",6
"S01005769",7
"S01005770",8
"S01005771",1
"S01005772",1
"S01005773",1
"S01005774",3
"S01005775",6
"S01005776",2
"S01005777",3
"S01005778",6
"S01005779",3
"S01005780",1
"S01005781",7
"S01005782",7
"S01005783",3
"S01005784",6
"S01005785",1
"S01005786",2
"S01005787",3
"S01005788",7
"S01005789",3
"S01005790",4
"S01005791",3
"S01005792",6
"S01005793",3
"S01005794",2
"S01005795",6
"S01005796",1
"S01005797",1
"S01005798",6
"S01005799",5
"S01005800",4
"S01005801",5
"S01005802",2
"S01005803",6
"S01005804",1
"S01005805",1
"S01005806",5
"S01005807",6
"S01005808",7
"S01005809",2
"S01005810",5
"S01005811",5
"S01005812",3
"S01005813",4
"S01005814",5
"S01005815",5
"S01005816",4
"S01005817",1
"S01005818",1
"S01005819",5
"S01005820",7
"S01005821",5
"S01005822",6
"S01005823",3
"S01005824",1
"S01005825",6
"S01005826",1
"S01005827",2
"S01005828",8
"S01005829",3
"S01005830",7
"S01005831",4
"S01005832",7
"S01005833",5
"S01005834",7
"S01005835",2
"S01005836",1
"S01005837",1
"S01005838",3
"S01005839",3
"S01005840",6
"S01005841",5
"S01005842",4
"S01005843",2
"S01005844",6
"S01005845",2
"S01005846",9
"S01005847",7
"S01005848",6
"S01005849",4
"S01005850",5
"S01005851",8
"S01005852",7
"S01005853",6
"S01005854",4
"S01005855",9
"S01005856",6
"S01005857",7
"S01005858",4
"S01005859",7
"S01005860",8
"S01005861",1
"S01005862",6
"S01005863",5
"S01005864",7
"S01005865",4
"S01005866",5
"S01005867",4
"S01005868",2
"S01005869",7
"S01005870",7
"S01005871",6
"S01005872",3
"S01005873",6
"S01005874",9
"S01005875",3
"S01005876",1
"S01005877",4
"S01005878",3
"S01005879",3
"S01005880",8
"S01005881",8
"S01005882",2
"S01005883",6
"S01005884",3
"S01005885",1
"S01005886",1
"S01005887",8
"S01005888",5
"S01005889",9
"S01005890",1
"S01005891",7
"S01005892",8
"S01005893",7
"S01005894",7
"S01005895",1
"S01005896",1
"S01005897",5
"S01005898",6
"S01005899",9
"S01005900",1
"S01005901",2
"S01005902",4
"S01005903",8
"S01005904",6
"S01005905",2
"S01005906",4
"S01005907",8
"S01005908",9
"S01005909",2
"S01005910",2
"S01005911",6
"S01005912",6
"S01005913",8
"S01005914",9
"S01005915",7
"S01005916",1
"S01005917",8
"S01005918",6
"S01005919",1
"S01005920",6
"S01005921",4
"S01005922",8
"S01005923",8
"S01005924",1
"S01005925",1
"S01005926",8
"S01005927",2
"S01005928",9
"S01005929",8
"S01005930",6
"S01005931",6
"S01005932",9
"S01005933",4
"S01005934",7
"S01005935",8
"S01005936",5
"S01005937",1
"S01005938",8
"S01005939",8
"S01005940",10
"S01005941",1
"S01005942",8
"S01005943",7
"S01005944",8
"S01005945",7
"S01005946",7
"S01005947",9
"S01005948",5
"S01005949",9
"S01005950",8
"S01005951",9
"S01005952",10
"S01005953",4
"S01005954",8
"S01005955",10
"S01005956",6
"S01005957",7
"S01005958",5
"S01005959",9
"S01005960",5
"S01005961",6
"S01005962",6
"S01005963",6
"S01005964",8
"S01005965",7
"S01005966",6
"S01005967",8
"S01005968",3
"S01005969",4
"S01005970",5
"S01005971",6
"S01005972",7
"S01005973",7
"S01005974",6
"S01005975",6
"S01005976",4
"S01005977",3
"S01005978",3
"S01005979",5
"S01005980",1
"S01005981",3
"S01005982",7
"S01005983",1
"S01005984",5
"S01005985",7
"S01005986",4
"S01005987",5
"S01005988",7
"S01005989",1
"S01005990",9
"S01005991",5
"S01005992",9
"S01005993",1
"S01005994",6
"S01005995",8
"S01005996",2
"S01005997",7
"S01005998",9
"S01005999",1
"S01006000",7
"S01006001",4
"S01006002",7
"S01006003",6
"S01006004",4
"S01006005",4
"S01006006",2
"S01006007",9
"S01006008",8
"S01006009",2
"S01006010",1
"S01006011",8
"S01006012",7
"S01006013",1
"S01006014",7
"S01006015",2
"S01006016",2
"S01006017",3
"S01006018",1
"S01006019",6
"S01006020",1
"S01006021",4
"S01006022",9
"S01006023",1
"S01006024",7
"S01006025",7
"S01006026",5
"S01006027",5
"S01006028",9
"S01006029",3
"S01006030",2
"S01006031",8
"S01006032",9
"S01006033",6
"S01006034",7
"S01006035",3
"S01006036",3
"S01006037",5
"S01006038",4
"S01006039",4
"S01006040",7
"S01006041",9
"S01006042",3
"S01006043",3
"S01006044",7
"S01006045",4
"S01006046",8
"S01006047",5
"S01006048",2
"S01006049",5
"S01006050",7
"S01006051",7
"S01006052",4
"S01006053",1
"S01006054",6
"S01006055",7
"S01006056",1
"S01006057",9
"S01006058",7
"S01006059",8
"S01006060",9
"S01006061",10
"S01006062",9
"S01006063",9
"S01006064",9
"S01006065",10
"S01006066",9
"S01006067",3
"S01006068",5
"S01006069",1
"S01006070",1
"S01006071",1
"S01006072",3
"S01006073",3
"S01006074",2
"S01006075",5
"S01006076",6
"S01006077",3
"S01006078",4
"S01006079",4
"S01006080",4
"S01006081",4
"S01006082",6
"S01006083",4
"S01006084",4
"S01006085",4
"S01006086",5
"S01006087",4
"S01006088",2
"S01006089",8
"S01006090",6
"S01006091",2
"S01006092",6
"S01006093",4
"S01006094",7
"S01006095",3
"S01006096",6
"S01006097",7
"S01006098",8
"S01006099",1
"S01006100",8
"S01006101",7
"S01006102",8
"S01006103",7
"S01006104",5
"S01006105",6
"S01006106",4
"S01006107",6
"S01006108",5
"S01006109",5
"S01006110",6
"S01006111",4
"S01006112",6
"S01006113",1
"S01006114",6
"S01006115",7
"S01006116",1
"S01006117",5
"S01006118",3
"S01006119",5
"S01006120",10
"S01006121",10
"S01006122",4
"S01006123",10
"S01006124",10
"S01006125",10
"S01006126",10
"S01006127",10
"S01006128",10
"S01006129",4
"S01006130",6
"S01006131",1
"S01006132",8
"S01006133",1
"S01006134",7
"S01006135",10
"S01006136",9
"S01006137",10
"S01006138",4
"S01006139",5
"S01006140",7
"S01006141",7
"S01006142",2
"S01006143",6
"S01006144",3
"S01006145",8
"S01006146",6
"S01006147",10
"S01006148",5
"S01006149",3
"S01006150",3
"S01006151",10
"S01006152",1
"S01006153",3
"S01006154",1
"S01006155",2
"S01006156",4
"S01006157",7
"S01006158",1
"S01006159",6
"S01006160",1
"S01006161",1
"S01006162",1
"S01006163",4
"S01006164",2
"S01006165",4
"S01006166",1
"S01006167",1
"S01006168",3
"S01006169",7
"S01006170",4
"S01006171",6
"S01006172",4
"S01006173",3
"S01006174",5
"S01006175",5
"S01006176",7
"S01006177",9
"S01006178",6
"S01006179",5
"S01006180",8
"S01006181",8
"S01006182",10
"S01006183",8
"S01006184",4
"S01006185",4
"S01006186",8
"S01006187",8
"S01006188",8
"S01006189",9
"S01006190",5
"S01006191",9
"S01006192",9
"S01006193",9
"S01006194",8
"S01006195",9
"S01006196",7
"S01006197",8
"S01006198",10
"S01006199",9
"S01006200",5
"S01006201",7
"S01006202",9
"S01006203",3
"S01006204",5
"S01006205",3
"S01006206",5
"S01006207",7
"S01006208",6
"S01006209",4
"S01006210",6
"S01006211",8
"S01006212",1
"S01006213",5
"S01006214",8
"S01006215",5
"S01006216",3
"S01006217",8
"S01006218",4
"S01006219",7
"S01006220",2
"S01006221",8
"S01006222",7
"S01006223",2
"S01006224",4
"S01006225",7
"S01006226",1
"S01006227",3
"S01006228",1
"S01006229",9
"S01006230",8
"S01006231",8
"S01006232",1
"S01006233",6
"S01006234",9
"S01006235",2
"S01006236",9
"S01006237",7
"S01006238",6
"S01006239",3
"S01006240",8
"S01006241",10
"S01006242",8
"S01006243",2
"S01006244",6
"S01006245",7
"S01006246",6
"S01006247",5
"S01006248",1
"S01006249",9
"S01006250",7
"S01006251",5
"S01006252",3
"S01006253",8
"S01006254",3
"S01006255",4
"S01006256",8
"S01006257",7
"S01006258",8
"S01006259",8
"S01006260",9
"S01006261",7
"S01006262",7
"S01006263",8
"S01006264",1
"S01006265",7
"S01006266",8
"S01006267",7
"S01006268",3
"S01006269",8
"S01006270",5
"S01006271",8
"S01006272",8
"S01006273",6
"S01006274",5
"S01006275",3
"S01006276",6
"S01006277",5
"S01006278",8
"S01006279",6
"S01006280",8
"S01006281",8
"S01006282",6
"S01006283",7
"S01006284",7
"S01006285",6
"S01006286",8
"S01006287",3
"S01006288",8
"S01006289",6
"S01006290",8
"S01006291",9
"S01006292",1
"S01006293",1
"S01006294",2
"S01006295",3
"S01006296",2
"S01006297",5
"S01006298",3
"S01006299",7
"S01006300",8
"S01006301",8
"S01006302",3
"S01006303",4
"S01006304",6
"S01006305",5
"S01006306",3
"S01006307",7
"S01006308",6
"S01006309",4
"S01006310",5
"S01006311",6
"S01006312",9
"S01006313",5
"S01006314",1
"S01006315",7
"S01006316",2
"S01006317",5
"S01006318",4
"S01006319",6
"S01006320",6
"S01006321",1
"S01006322",1
"S01006323",2
"S01006324",1
"S01006325",4
"S01006326",9
"S01006327",6
"S01006328",7
"S01006329",3
"S01006330",7
"S01006331",3
"S01006332",6
"S01006333",8
"S01006334",6
"S01006335",4
"S01006336",1
"S01006337",1
"S01006338",4
"S01006339",5
"S01006340",3
"S01006341",2
"S01006342",5
"S01006343",6
"S01006344",7
"S01006345",3
"S01006346",3
"S01006347",2
"S01006348",3
"S01006349",7
"S01006350",8
"S01006351",8
"S01006352",7
"S01006353",2
"S01006354",6
"S01006355",8
"S01006356",4
"S01006357",2
"S01006358",9
"S01006359",3
"S01006360",6
"S01006361",9
"S01006362",5
"S01006363",2
"S01006364",6
"S01006365",2
"S01006366",1
"S01006367",4
"S01006368",1
"S01006369",3
"S01006370",2
"S01006371",2
"S01006372",5
"S01006373",7
"S01006374",5
"S01006375",6
"S01006376",6
"S01006377",7
"S01006378",2
"S01006379",5
"S01006380",8
"S01006381",6
"S01006382",6
"S01006383",5
"S01006384",2
"S01006385",7
"S01006386",7
"S01006387",5
"S01006388",8
"S01006389",6
"S01006390",7
"S01006391",1
"S01006392",6
"S01006393",6
"S01006394",7
"S01006395",9
"S01006396",8
"S01006397",3
"S01006398",6
"S01006399",4
"S01006400",2
"S01006401",9
"S01006402",9
"S01006403",5
"S01006404",8
"S01006405",9
"S01006406",8
"S01006407",4
"S01006408",8
"S01006409",9
"S01006410",7
"S01006411",8
"S01006412",7
"S01006413",7
"S01006414",3
"S01006415",3
"S01006416",10
"S01006417",4
"S01006418",7
"S01006419",7
"S01006420",8
"S01006421",2
"S01006422",8
"S01006423",8
"S01006424",5
"S01006425",5
"S01006426",2
"S01006427",7
"S01006428",6
"S01006429",9
"S01006430",1
"S01006431",2
"S01006432",5
"S01006433",7
"S01006434",5
"S01006435",6
"S01006436",6
"S01006437",5
"S01006438",9
"S01006439",9
"S01006440",7
"S01006441",7
"S01006442",5
"S01006443",4
"S01006444",3
"S01006445",6
"S01006446",2
"S01006447",8
"S01006448",3
"S01006449",2
"S01006450",8
"S01006451",7
"S01006452",6
"S01006453",7
"S01006454",3
"S01006455",8
"S01006456",2
"S01006457",6
"S01006458",1
"S01006459",4
"S01006460",3
"S01006461",2
"S01006462",3
"S01006463",3
"S01006464",4
"S01006465",3
"S01006466",2
"S01006467",3
"S01006468",2
"S01006469",3
"S01006470",8
"S01006471",8
"S01006472",7
"S01006473",1
"S01006474",5
"S01006475",5
"S01006476",6
"S01006477",8
"S01006478",6
"S01006479",4
"S01006480",2
"S01006481",7
"S01006482",5
"S01006483",6
"S01006484",5
"S01006485",1
"S01006486",1
"S01006487",6
"S01006488",2
"S01006489",4
"S01006490",1
"S01006491",1
"S01006492",8
"S01006493",9
"S01006494",2
"S01006495",4
"S01006496",9
"S01006497",7
"S01006498",5
"S01006499",3
"S01006500",3
"S01006501",1
"S01006502",3
"S01006503",2
"S01006504",2
"S01006505",1
